3FFD25 3FFC3F
3FFFE4 3FFAEA
0002DF 3FFB84
0004E4 3FFDA7
000562 000060
000477 0002BB
0002B5 000427
0000C7 000487
3FFF2A 000412
3FFE1C 000327
3FFD9E 000220
3FFD91 000134
3FFDC8 000081
3FFE19 00000D
3FFE8C 3FFFCD
3FFEEF 3FFFAF
3FFF3F 3FFFA9
3FFF7E 3FFFB1
3FFFAD 3FFFBE
3FFFD2 3FFFD0
3FFFED 3FFFE5
000000 000000
000000 000000
000000 000000
000000 000000
000000 000000
000000 000000
000000 000000
000000 000000
000000 000000
000000 000000
000000 000000
000000 000000
000000 000000
000000 000000
000000 000000
000000 000000
000000 000000
000000 000000
000000 000000
000000 000000
000000 000000
000000 000000
000053 000008
000035 00005E
3FFFDD 00002B
00002B 3FFFD5
000083 00004E
3FFFE0 0000BB
3FFF5D 3FFFF8
000040 3FFF6D
0000D9 000086
3FFF88 000154
3FFE59 3FFFE5
3FFFB0 3FFE4F
0001A4 3FFF62
0000E6 0001A9
3FFE4F 000169
3FFDD1 3FFE8F
0000A0 3FFD08
000353 3FFF42
00025F 0002DD
3FFE87 0003B3
3FFBD7 0000A9
3FFD10 3FFCB0
00011C 3FFB84
000471 3FFE27
000461 000267
00010E 00050F
3FFCE8 000456
3FFAA1 0000DE
3FFB74 3FFCEB
3FFE9F 3FFAB9
000222 3FFB27
00044E 3FFD63
0004C1 3FFFF0
000429 0001FA
000312 00038D
000166 0004B1
3FFF5A 0004DF
3FFDD1 000411
3FFD23 000333
3FFCB5 00028A
3FFD46 0001C9
3FFFC2 000426
3FFD1E 000E0E
3FE835 001554
3FC92D 3FFE41
3FCC8A 3FC489
000F19 3FA01C
005B1B 3FCD33
005830 002890
000CCD 004D95
3FD68D 0023EF
3FE233 3FF47C
000015 3FF1A7
00041E 000090
3FFCD3 0000BB
3FFFE3 3FFBDA
000449 000043
3FFF8A 000499
3FFB17 3FFFED
3FFF5A 3FFB27
000484 3FFEB4
0001E1 000436
3FFC15 0002B2
3FFC30 3FFCB8
0001F2 3FFB11
000574 3FFFE3
000275 0004E9
3FFCD0 000469
3FFAB6 3FFF6A
3FFDC9 3FFB54
000295 3FFBBA
0004CC 3FFF9D
00031D 00036B
3FFF65 000461
3FFC80 000257
3FFC1D 3FFF22
3FFDFC 3FFCE0
000096 3FFCA5
000255 3FFE0E
00029D 3FFFE0
0001EA 000119
000109 000197
000048 0001B9
3FFF82 0001A9
3FFECC 000124
3FFE9F 00004B
3FFF0A 3FFFBA
3FFF6D 3FFFC0
3FFF65 3FFFCD
3FFF72 3FFF82
3FFFE0 3FFF6A
000013 3FFFC5
3FFFD0 3FFFE5
3FFFD3 3FFFA0
000025 3FFFB5
000000 000000
000000 000000
000000 000000
000000 000000
000000 000000
000000 000000
000000 000000
000000 000000
000000 000000
000000 000000
000000 000000
000000 000000
000000 000000
000000 000000
000000 000000
000000 000000
000000 000000
000000 000000
000000 000000
000000 000000
000000 000000
000000 000000
000000 000000
000000 000000
000000 000000
000000 000000
000000 000000
000000 000000
000000 000000
000000 000000
000000 000000
000000 000000
000000 000000
000000 000000
000000 000000
000000 000000
000000 000000
000000 000000
000000 000000
000000 000000
000000 000000
000000 000000
000000 000000
000000 000000
000000 000000
000000 000000
000000 000000
000000 000000
000000 000000
000000 000000
000000 000000
000000 000000
000000 000000
000000 000000
000129 0001B1
3FFFF1 000236
3FFEA8 0001E3
3FFDD4 0000EA
3FFDAC 3FFFB9
3FFE1E 3FFEB7
3FFEEA 3FFE24
3FFFC3 3FFE04
000074 3FFE40
0000E4 3FFEAB
000114 3FFF21
000115 3FFF87
0000FA 3FFFD4
0000D4 000004
0000A2 00001E
000075 000028
000051 00002A
000037 000025
000022 00001E
000013 000016
000008 00000C
000000 000000
000000 000000
000000 000000
000000 000000
000000 000000
000000 000000
000000 000000
000000 000000
000000 000000
000000 000000
000000 000000
000000 000000
000000 000000
000000 000000
000000 000000
000000 000000
000000 000000
000000 000000
000000 000000
000000 000000
000000 000000
000000 000000
3FFFE5 3FFFFD
3FFFF0 3FFFE3
00000B 3FFFF3
3FFFF3 00000D
3FFFD8 3FFFE5
00000D 3FFFC8
000033 000005
3FFFEB 00002B
3FFFC0 3FFFD5
00002B 3FFF9A
000080 00000D
000013 000086
3FFF7D 00002B
3FFFC0 3FFF7A
00008B 3FFF98
0000A6 000078
3FFFC2 0000E6
3FFEF7 00002D
3FFF52 3FFF15
000083 3FFEE2
000149 3FFFDD
0000DB 00010E
3FFF98 00015C
3FFE9C 000080
3FFEB2 3FFF32
3FFFC0 3FFE6F
000103 3FFEB7
0001A9 3FFFD0
000159 000103
000058 0001A4
3FFF45 000174
3FFEA4 0000BE
3FFE8A 3FFFF3
3FFEBF 3FFF55
3FFF1D 3FFEDC
3FFFA5 3FFE8A
000046 3FFE84
0000BB 3FFECA
0000EE 3FFF0F
00010B 3FFF45
0000DE 3FFF80
000023 3FFEBC
000119 3FFBBA
0007A1 3FF9D0
0010D0 00015C
000EE9 00130A
3FF9EB 001D37
3FE341 000E3B
3FE588 3FF238
3FFD3E 3FE7FA
000D45 3FF598
0008FA 0003FE
3FFFC2 000469
3FFEBF 3FFFC2
0000FB 3FFFD3
3FFFFB 000146
3FFEAF 3FFFDB
000035 3FFE9A
000181 000018
000020 00017F
3FFE97 000056
3FFF7D 3FFEAF
00013E 3FFF3D
00011E 000111
3FFF55 00017C
3FFE54 3FFFF3
3FFF52 3FFE74
00010B 3FFEB2
00019F 000043
00009B 000176
3FFF25 000146
3FFE87 00000B
3FFF1A 3FFEE7
000040 3FFEAA
00011C 3FFF55
00012E 000053
000093 0000FE
3FFFC5 000106
3FFF42 000090
3FFF32 000000
3FFF6D 3FFFA2
3FFFB5 3FFF80
3FFFF0 3FFF78
00002D 3FFF80
000063 3FFFAA
00006E 3FFFED
00004B 000018
00002B 000015
00002D 000013
00002B 000028
000008 00002D
3FFFFB 000013
00000D 000008
00000D 00001D
3FFFF3 000015
000000 000000
000000 000000
000000 000000
000000 000000
000000 000000
000000 000000
000000 000000
000000 000000
000000 000000
000000 000000
000000 000000
000000 000000
000000 000000
000000 000000
000000 000000
000000 000000
000000 000000
000000 000000
000000 000000
000000 000000
000000 000000
000000 000000
000000 000000
000000 000000
000000 000000
000000 000000
000000 000000
000000 000000
000000 000000
000000 000000
000000 000000
000000 000000
000000 000000
000000 000000
000000 000000
000000 000000
000000 000000
000000 000000
000000 000000
000000 000000
000000 000000
000000 000000
000000 000000
000000 000000
000000 000000
000000 000000
000000 000000
000000 000000
000000 000000
000000 000000
000000 000000
000000 000000
000000 000000
000000 000000
3FFFFD 3FFFFB
000001 3FFFFA
000004 3FFFFB
000006 3FFFFE
000006 000002
000006 000003
000003 000005
000001 000005
3FFFFE 000006
3FFFFD 000004
3FFFFD 000002
3FFFFE 000001
3FFFFD 000001
3FFFFE 000001
3FFFFE 3FFFFF
3FFFFF 000000
3FFFFF 000000
000000 3FFFFF
3FFFFF 000000
000000 000000
000000 000000
000000 000000
000000 000000
000000 000000
000000 000000
000000 000000
000000 000000
000000 000000
000000 000000
000000 000000
000000 000000
000000 000000
000000 000000
000000 000000
000000 000000
000000 000000
000000 000000
000000 000000
000000 000000
000000 000000
000000 000000
000000 000000
000000 000000
000000 000000
000000 000000
000000 000000
000000 000000
000000 000000
000000 000000
000000 000000
000000 000000
000000 000000
000000 000000
000003 000000
000000 000003
3FFFFD 000000
000000 3FFFFD
000003 000000
000003 000003
000000 000003
3FFFFD 000000
3FFFFD 3FFFFD
000003 3FFFFD
000005 000000
000003 000003
3FFFFD 000005
3FFFFB 000003
3FFFFB 3FFFFD
000000 3FFFFB
000003 3FFFFD
000005 000000
000005 000003
000000 000005
3FFFFD 000005
3FFFFB 000003
3FFFFB 000000
3FFFFD 3FFFFD
3FFFFD 3FFFFD
000000 3FFFFB
000000 3FFFFB
000003 3FFFFD
000003 3FFFFD
000003 3FFFFD
000003 3FFFFD
000000 3FFFFB
000005 3FFFF3
00001B 3FFFED
000035 000008
00002D 000040
3FFFE8 00005E
3FFFA0 000028
3FFFAD 3FFFD0
3FFFFB 3FFFB2
00002D 3FFFE0
00001D 00000D
3FFFFD 00000D
3FFFFB 000000
000003 000000
000000 000005
3FFFFB 000000
000000 3FFFFB
000005 000000
000000 000005
3FFFFB 000000
3FFFFD 3FFFFB
000005 3FFFFD
000003 000003
3FFFFD 000005
3FFFFB 000000
3FFFFD 3FFFFB
000003 3FFFFB
000005 000000
000003 000005
3FFFFD 000003
3FFFFB 000000
3FFFFD 3FFFFD
000000 3FFFFB
000003 3FFFFD
000003 000000
000003 000003
000000 000003
3FFFFD 000003
3FFFFD 000000
3FFFFD 000000
000000 3FFFFD
000000 3FFFFD
000000 3FFFFD
000000 000000
000003 000000
000000 000000
000000 000000
000000 000000
000000 000000
000000 000000
000000 000000
000000 000000
000000 000000
000000 000000
000000 000000
000000 000000
000000 000000
000000 000000
000000 000000
000000 000000
000000 000000
000000 000000
000000 000000
000000 000000
000000 000000
000000 000000
000000 000000
000000 000000
000000 000000
000000 000000
000000 000000
000000 000000
000000 000000
000000 000000
000000 000000
000000 000000
000000 000000
000000 000000
000000 000000
000000 000000
000000 000000
000000 000000
000000 000000
000000 000000
000000 000000
000000 000000
000000 000000
000000 000000
000000 000000
000000 000000
000000 000000
000000 000000
000000 000000
000000 000000
000000 000000
000000 000000
000000 000000
000000 000000
000000 000000
000000 000000
000000 000000
000000 000000
000000 000000
000000 000000
000000 000000
000000 000000
000000 000000
000000 000000
3FFFFF 3FFFFE
000000 3FFFFD
000002 3FFFFE
000003 000000
000002 000001
000002 000001
000001 000002
000000 000002
000000 000002
3FFFFE 000001
3FFFFE 000001
3FFFFF 000001
3FFFFF 000000
3FFFFF 000000
3FFFFF 3FFFFF
000000 000000
000000 000000
000001 000000
000000 000000
000000 000001
000000 3FFFFF
000000 000000
000000 000000
000000 000000
000000 000000
000000 000000
000000 000000
000000 000000
000000 000000
000000 000000
000000 000000
000000 000000
000000 000000
000000 000000
000000 000000
000000 000000
000000 000000
000000 000000
000000 000000
000000 000000
000000 000000
000000 000000
000000 000000
000000 000000
000000 000000
000000 000000
000000 000000
000000 000000
000000 000000
000000 000000
000000 000000
000000 000000
000000 000003
3FFFFD 000000
000000 3FFFFD
000003 000000
000000 000003
3FFFFD 000000
3FFFFD 3FFFFD
000000 3FFFFD
000003 000000
000003 000003
3FFFFD 000003
3FFFFB 000000
3FFFFD 3FFFFB
000003 3FFFFB
000005 000000
000005 000003
000000 000005
3FFFFB 000005
3FFFFB 000000
3FFFFB 3FFFFB
000000 3FFFFB
000003 3FFFFB
000005 3FFFFD
000005 000000
000005 000003
000003 000005
000000 000005
3FFFFD 000005
3FFFFD 000005
3FFFFD 000003
3FFFFB 000003
3FFFFD 000003
000000 000005
3FFFFB 000010
3FFFE3 000013
3FFFC5 3FFFF5
3FFFD0 3FFFB5
000020 3FFF98
00006E 3FFFD8
00005B 00003B
000003 000058
3FFFCD 000020
3FFFE0 3FFFED
000003 3FFFF0
000005 000000
3FFFFD 000000
000000 3FFFFB
000005 000000
000000 000005
3FFFFB 000000
000000 3FFFFB
000005 000000
000003 000005
3FFFFB 000003
3FFFFD 3FFFFB
000003 3FFFFB
000005 000000
000003 000005
3FFFFB 000005
3FFFFB 3FFFFD
3FFFFD 3FFFFB
000003 3FFFFB
000005 000000
000003 000005
3FFFFD 000005
3FFFFB 000003
3FFFFB 3FFFFD
3FFFFD 3FFFFD
000000 3FFFFD
000003 3FFFFD
000003 000000
000003 000003
000000 000003
000000 000003
000000 000003
3FFFFD 000000
3FFFFD 000000
000000 000000
000000 000000
000000 000000
000000 000000
000000 000000
000000 000000
000000 000000
000000 000000
000000 000000
000000 000000
000000 000000
000000 000000
000000 000000
000000 000000
000000 000000
000000 000000
000000 000000
000000 000000
000000 000000
000000 000000
000000 000000
000000 000000
000000 000000
000000 000000
000000 000000
000000 000000
000000 000000
000000 000000
000000 000000
000000 000000
000000 000000
000000 000000
000000 000000
000000 000000
000000 000000
000000 000000
000000 000000
000000 000000
000000 000000
000000 000000
000000 000000
000000 000000
000000 000000
000000 000000
000000 000000
000000 000000
000000 000000
000000 000000
000000 000000
000000 000000
000000 000000
000000 000000
000000 000000
000000 000000
000000 000000
000000 000000
000000 000000
000000 000000
000000 000000
000000 000000
000000 000000
000000 000000
000000 000000
3FFFFF 3FFFFF
3FFFFF 3FFFFF
000001 3FFFFF
000001 000000
000002 000001
000001 000001
000000 000001
000000 000001
3FFFFF 000001
3FFFFF 000001
000000 000000
000000 000000
3FFFFF 000000
000000 000000
000000 000000
000000 3FFFFF
000000 000000
000000 000000
3FFFFF 000000
3FFFFF 000000
000000 000000
000000 000000
000000 000000
000000 000000
000000 000000
000000 000000
000000 000000
000000 000000
000000 000000
000000 000000
000000 000000
000000 000000
000000 000000
000000 000000
000000 000000
000000 000000
000000 000000
000000 000000
000000 000000
000000 000000
000000 000000
000000 000000
000000 000000
000000 000000
000000 000000
000000 000000
000000 000000
000000 000000
000000 000000
000000 000000
000000 000000
000000 000000
000000 000003
3FFFFD 000000
000000 3FFFFD
000003 000000
000000 000003
3FFFFD 000000
3FFFFD 3FFFFD
000003 3FFFFD
000005 000000
000003 000005
3FFFFD 000005
3FFFFB 000000
3FFFFD 3FFFFB
000003 3FFFFB
000005 000000
000005 000005
000000 000005
3FFFFB 000005
3FFFF8 000000
3FFFFB 3FFFFB
000000 3FFFF8
000003 3FFFFB
000005 3FFFFD
000005 000000
000005 000003
000003 000005
000000 000005
3FFFFD 000005
3FFFFD 000005
3FFFFB 000003
3FFFFB 000003
3FFFFD 000003
000000 000005
3FFFF8 000010
3FFFDD 000015
3FFFBD 3FFFF0
3FFFD0 3FFFAA
00002B 3FFF8D
00007E 3FFFD8
000063 000048
3FFFFD 000063
3FFFC5 000023
3FFFDD 3FFFEB
000003 3FFFED
000005 000003
3FFFFB 000000
000000 3FFFFB
000005 000003
3FFFFD 000005
3FFFFB 000000
000000 3FFFFB
000005 000000
000000 000005
3FFFFB 000003
3FFFFD 3FFFFB
000003 3FFFFB
000008 000000
000003 000005
3FFFFB 000005
3FFFFB 3FFFFD
3FFFFD 3FFFFB
000005 3FFFFB
000005 000000
000003 000005
3FFFFD 000005
3FFFFB 000003
3FFFFB 3FFFFD
3FFFFD 3FFFFB
000003 3FFFFD
000003 3FFFFD
000003 000000
000003 000003
000000 000003
000000 000003
000000 000003
3FFFFD 000000
3FFFFD 000000
000000 000000
000000 000000
000000 000000
000000 000000
000000 000000
000000 000000
000000 000000
000000 000000
000000 000000
000000 000000
000000 000000
000000 000000
000000 000000
000000 000000
000000 000000
000000 000000
000000 000000
000000 000000
000000 000000
000000 000000
000000 000000
000000 000000
000000 000000
000000 000000
000000 000000
000000 000000
000000 000000
000000 000000
000000 000000
000000 000000
000000 000000
000000 000000
000000 000000
000000 000000
000000 000000
000000 000000
000000 000000
000000 000000
000000 000000
000000 000000
000000 000000
000000 000000
000000 000000
000000 000000
000000 000000
000000 000000
000000 000000
000000 000000
000000 000000
000000 000000
000000 000000
000000 000000
000000 000000
000000 000000
000000 000000
000000 000000
000000 000000
000000 000000
000000 000000
000000 000000
000000 000000
000000 000000
000000 000000
000000 000000
000000 000000
000001 3FFFFF
000001 000000
000000 000001
000000 000000
000001 000001
000000 000001
000000 000001
3FFFFF 000000
3FFFFF 000000
000000 000000
3FFFFF 000001
000000 000000
3FFFFF 000000
000000 000000
000000 000000
000000 000000
000001 000000
000000 000000
000001 000000
000000 000000
000000 000000
000000 000000
000000 000000
000000 000000
000000 000000
000000 000000
000000 000000
000000 000000
000000 000000
000000 000000
000000 000000
000000 000000
000000 000000
000000 000000
000000 000000
000000 000000
000000 000000
000000 000000
000000 000000
000000 000000
000000 000000
000000 000000
000000 000000
000000 000000
000000 000000
000000 000000
000000 000000
000000 000000
000000 000000
000000 000000
000000 000003
3FFFFD 000000
000000 3FFFFD
000003 000000
000000 000003
3FFFFD 000000
3FFFFD 3FFFFD
000003 3FFFFD
000003 000000
000003 000003
3FFFFD 000003
3FFFFB 000000
3FFFFD 3FFFFB
000003 3FFFFB
000005 000000
000005 000003
000000 000005
3FFFFB 000005
3FFFFB 000000
3FFFFB 3FFFFB
000000 3FFFFB
000003 3FFFFB
000005 3FFFFD
000005 000000
000005 000003
000003 000005
000000 000005
3FFFFD 000005
3FFFFD 000003
3FFFFB 000003
3FFFFB 000003
3FFFFD 000000
3FFFFD 000005
3FFFF8 000010
3FFFE0 000010
3FFFC2 3FFFED
3FFFD8 3FFFAD
00002D 3FFF98
000076 3FFFE0
000058 000046
3FFFF8 00005B
3FFFC8 00001D
3FFFE3 3FFFEB
000005 3FFFF0
000005 000003
3FFFFD 000000
000000 3FFFFB
000005 000003
3FFFFD 000005
3FFFFB 3FFFFD
000000 3FFFFB
000005 000000
000000 000005
3FFFFB 000003
3FFFFD 3FFFFB
000003 3FFFFB
000005 000003
000003 000005
3FFFFB 000005
3FFFFB 3FFFFD
000000 3FFFFB
000005 3FFFFB
000005 000000
000003 000005
3FFFFD 000005
3FFFFB 000003
3FFFFB 3FFFFD
3FFFFD 3FFFFB
000003 3FFFFD
000003 3FFFFD
000003 000000
000003 000003
000000 000003
000000 000003
000000 000003
3FFFFD 000000
3FFFFD 000000
000000 000000
000000 000000
000000 000000
000000 000000
000000 000000
000000 000000
000000 000000
000000 000000
000000 000000
000000 000000
000000 000000
000000 000000
000000 000000
000000 000000
000000 000000
000000 000000
000000 000000
000000 000000
000000 000000
000000 000000
000000 000000
000000 000000
000000 000000
000000 000000
000000 000000
000000 000000
000000 000000
000000 000000
000000 000000
000000 000000
000000 000000
000000 000000
000000 000000
000000 000000
000000 000000
000000 000000
000000 000000
000000 000000
000000 000000
000000 000000
000000 000000
000000 000000
000000 000000
000000 000000
000000 000000
000000 000000
000000 000000
000000 000000
000000 000000
000000 000000
000000 000000
000000 000000
000000 000000
000000 000000
000000 000000
000000 000000
000000 000000
000000 000000
000000 000000
000000 000000
000000 000000
000000 000000
000000 000000
000001 000000
000000 3FFFFF
000000 000000
000000 000000
000001 000001
000000 000001
000000 000001
000000 000001
000000 000001
000000 000000
000000 000000
000000 000000
000000 000000
000000 000000
000000 3FFFFF
000000 000000
000000 3FFFFF
000000 000000
000000 000000
3FFFFF 000000
000000 000000
000000 000000
000000 000000
000000 000000
000000 000000
000000 000000
000000 000000
000000 000000
000000 000000
000000 000000
000000 000000
000000 000000
000000 000000
000000 000000
000000 000000
000000 000000
000000 000000
000000 000000
000000 000000
000000 000000
000000 000000
000000 000000
000000 000000
000000 000000
000000 000000
000000 000000
000000 000000
000000 000000
000000 000000
000000 000000
000000 000000
000000 000000
000000 000000
3FFFFD 000000
000000 3FFFFD
000003 000000
000000 000003
3FFFFD 000000
3FFFFD 3FFFFD
000003 3FFFFD
000003 000000
000003 000003
3FFFFD 000003
3FFFFB 000000
3FFFFD 3FFFFB
000003 3FFFFB
000005 000000
000003 000003
000000 000005
3FFFFB 000003
3FFFFB 000000
3FFFFD 3FFFFB
000000 3FFFFB
000003 3FFFFB
000005 000000
000005 000003
000003 000003
000003 000005
000000 000005
3FFFFD 000005
3FFFFD 000003
3FFFFD 000003
3FFFFB 000003
3FFFFD 000000
3FFFFD 000005
3FFFF8 00000D
3FFFE3 00000D
3FFFCB 3FFFED
3FFFE0 3FFFB5
00002B 3FFFA5
00006B 3FFFE8
00004B 000043
3FFFF5 000050
3FFFCD 000018
3FFFE5 3FFFEB
000005 3FFFF3
000003 000003
3FFFFD 000000
000000 3FFFFB
000005 000003
3FFFFD 000005
3FFFFB 3FFFFD
000000 3FFFFB
000005 000000
000000 000005
3FFFFB 000003
3FFFFD 3FFFFB
000003 3FFFFB
000005 000003
000000 000005
3FFFFB 000003
3FFFFB 3FFFFD
000000 3FFFFB
000003 3FFFFD
000005 000000
000003 000005
3FFFFD 000005
3FFFFB 000000
3FFFFD 3FFFFD
000000 3FFFFD
000003 3FFFFD
000003 000000
000003 000000
000003 000003
000000 000003
000000 000003
000000 000003
3FFFFD 000000
3FFFFD 000000
000000 000000
000000 000000
000000 000000
000000 000000
000000 000000
000000 000000
000000 000000
000000 000000
000000 000000
000000 000000
000000 000000
000000 000000
000000 000000
000000 000000
000000 000000
000000 000000
000000 000000
000000 000000
000000 000000
000000 000000
000000 000000
000000 000000
000000 000000
000000 000000
000000 000000
000000 000000
000000 000000
000000 000000
000000 000000
000000 000000
000000 000000
000000 000000
000000 000000
000000 000000
000000 000000
000000 000000
000000 000000
000000 000000
000000 000000
000000 000000
000000 000000
000000 000000
000000 000000
000000 000000
000000 000000
000000 000000
000000 000000
000000 000000
000000 000000
000000 000000
000000 000000
000000 000000
000000 000000
000000 000000
000000 000000
000000 000000
000000 000000
000000 000000
000000 000000
000000 000000
000000 000000
000000 000000
000000 000000
000000 3FFFFF
000000 000000
000001 000000
000001 000000
000000 000000
000000 000000
000000 000001
000000 000000
000000 3FFFFF
000000 000000
000000 000000
3FFFFF 000001
000000 000000
000000 000000
000000 000000
000000 000000
000001 000000
000000 000000
000000 000000
000000 000000
000000 000000
000000 000000
000000 000000
000000 000000
000000 000000
000000 000000
000000 000000
000000 000000
000000 000000
000000 000000
000000 000000
000000 000000
000000 000000
000000 000000
000000 000000
000000 000000
000000 000000
000000 000000
000000 000000
000000 000000
000000 000000
000000 000000
000000 000000
000000 000000
000000 000000
000000 000000
000000 000000
000000 000000
000000 000000
000000 000000
000000 000000
000000 000000
000000 000000
3FFFFD 000000
000000 3FFFFD
000003 000000
000000 000003
3FFFFD 000000
3FFFFD 3FFFFD
000003 3FFFFD
000003 000000
000000 000003
3FFFFD 000003
3FFFFD 000000
3FFFFD 3FFFFD
000003 3FFFFD
000005 000000
000003 000003
000000 000005
3FFFFB 000003
3FFFFB 000000
3FFFFD 3FFFFB
000000 3FFFFB
000003 3FFFFD
000005 000000
000005 000003
000003 000003
000003 000005
000000 000005
3FFFFD 000005
3FFFFD 000003
3FFFFD 000003
3FFFFD 000000
3FFFFD 000000
3FFFFD 000003
3FFFF8 00000B
3FFFE5 00000B
3FFFD0 3FFFED
3FFFE5 3FFFBA
00002B 3FFFB0
000060 3FFFF0
000040 000040
3FFFF3 000048
3FFFD0 000013
3FFFEB 3FFFED
000005 3FFFF3
000003 000003
3FFFFD 000000
000000 3FFFFD
000003 000003
3FFFFD 000003
3FFFFB 3FFFFD
000000 3FFFFB
000005 000000
000000 000005
3FFFFB 000000
3FFFFD 3FFFFB
000003 3FFFFD
000005 000003
000000 000005
3FFFFB 000003
3FFFFB 3FFFFD
000000 3FFFFB
000003 3FFFFD
000005 000000
000003 000003
3FFFFD 000003
3FFFFD 000000
3FFFFD 3FFFFD
000000 3FFFFD
000003 3FFFFD
000003 000000
000003 000000
000000 000003
000000 000003
000000 000003
000000 000000
3FFFFD 000000
000000 000000
000000 000000
000000 000000
000000 000000
000000 000000
000000 000000
000000 000000
000000 000000
000000 000000
000000 000000
000000 000000
000000 000000
000000 000000
000000 000000
000000 000000
000000 000000
000000 000000
000000 000000
000000 000000
000000 000000
000000 000000
000000 000000
000000 000000
000000 000000
000000 000000
000000 000000
000000 000000
000000 000000
000000 000000
000000 000000
000000 000000
000000 000000
000000 000000
000000 000000
000000 000000
000000 000000
000000 000000
000000 000000
000000 000000
000000 000000
000000 000000
000000 000000
000000 000000
000000 000000
000000 000000
000000 000000
000000 000000
000000 000000
000000 000000
000000 000000
000000 000000
000000 000000
000000 000000
000000 000000
000000 000000
000000 000000
000000 000000
000000 000000
000000 000000
000000 000000
000000 000000
000000 000000
000000 000000
000000 000000
000000 000000
000000 000000
000000 000000
000000 000000
000001 000000
000001 000000
000000 000000
000000 000000
000000 000000
000000 000000
000000 000000
000000 000000
3FFFFF 000000
000000 000000
000001 000000
000000 000000
000000 000000
000000 000000
3FFFFF 000000
000000 000001
000001 000000
000000 000000
000000 000000
000000 000000
000000 000000
000000 000000
000000 000000
000000 000000
000000 000000
000000 000000
000000 000000
000000 000000
000000 000000
000000 000000
000000 000000
000000 000000
000000 000000
000000 000000
000000 000000
000000 000000
000000 000000
000000 000000
000000 000000
000000 000000
000000 000000
000000 000000
000000 000000
000000 000000
000000 000000
000000 000000
000000 000000
000000 000000
000000 000000
000000 000000
000000 3FFFFD
000003 000000
000000 000003
3FFFFD 000000
000000 3FFFFD
000003 3FFFFD
000003 000000
000000 000003
3FFFFD 000003
3FFFFD 000000
000000 3FFFFD
000003 3FFFFD
000005 000000
000003 000003
000000 000005
3FFFFD 000003
3FFFFB 000000
3FFFFD 3FFFFD
000000 3FFFFB
000003 3FFFFD
000005 000000
000003 000003
000003 000003
000000 000003
000000 000005
3FFFFD 000003
3FFFFD 000003
3FFFFD 000003
3FFFFD 000000
3FFFFD 000000
3FFFFD 000003
3FFFF8 00000B
3FFFE8 000008
3FFFD5 3FFFED
3FFFEB 3FFFC2
00002B 3FFFBA
000056 3FFFF5
000038 00003B
3FFFF0 000040
3FFFD5 00000D
3FFFED 3FFFED
000005 3FFFF5
000003 000003
3FFFFD 000000
000000 3FFFFD
000003 000003
3FFFFD 000003
3FFFFD 3FFFFD
000000 3FFFFD
000003 000000
000000 000003
3FFFFD 000000
3FFFFD 3FFFFD
000003 3FFFFD
000005 000003
000000 000005
3FFFFD 000003
3FFFFD 3FFFFD
000000 3FFFFB
000003 3FFFFD
000003 000000
000000 000003
3FFFFD 000003
3FFFFD 000000
3FFFFD 3FFFFD
000000 3FFFFD
000003 3FFFFD
000003 000000
000003 000000
000000 000003
000000 000003
000000 000003
000000 000000
000000 000000
000000 000000
000000 000000
000000 000000
000000 000000
000000 000000
000000 000000
000000 000000
000000 000000
000000 000000
000000 000000
000000 000000
000000 000000
000000 000000
000000 000000
000000 000000
000000 000000
000000 000000
000000 000000
000000 000000
000000 000000
000000 000000
000000 000000
000000 000000
000000 000000
000000 000000
000000 000000
000000 000000
000000 000000
000000 000000
000000 000000
000000 000000
000000 000000
000000 000000
000000 000000
000000 000000
000000 000000
000000 000000
000000 000000
000000 000000
000000 000000
000000 000000
000000 000000
000000 000000
000000 000000
000000 000000
000000 000000
000000 000000
000000 000000
000000 000000
000000 000000
000000 000000
000000 000000
000000 000000
000000 000000
000000 000000
000000 000000
000000 000000
000000 000000
000000 000000
000000 000000
000000 000000
000000 000000
000000 000000
000000 000000
3FFFFF 000000
000001 000000
000000 3FFFFF
000000 000000
000000 3FFFFF
000001 000001
000000 000000
000000 000000
000000 000000
3FFFFF 000001
000000 3FFFFF
000000 3FFFFF
3FFFFF 000000
000000 000001
000000 000000
000000 000000
000000 000000
000000 000000
000000 000000
000000 000000
000000 000000
000000 000000
000000 000000
000000 000000
000000 000000
000000 000000
000000 000000
000000 000000
000000 000000
000000 000000
000000 000000
000000 000000
000000 000000
000000 000000
000000 000000
000000 000000
000000 000000
000000 000000
000000 000000
000000 000000
000000 000000
000000 000000
000000 000000
000000 000000
000000 000000
000000 000000
000000 000000
000000 000000
000000 000000
000000 000000
000000 000000
000000 000000
000000 000000
000000 000000
000000 000000
000000 000000
000000 000003
3FFFFD 000000
000000 3FFFFD
000003 3FFFFD
000003 000000
000000 000003
3FFFFD 000003
3FFFFD 000000
000000 3FFFFD
000003 3FFFFD
000003 000000
000003 000003
000000 000003
3FFFFD 000003
3FFFFD 000000
3FFFFD 3FFFFD
000000 3FFFFB
000003 3FFFFD
000003 000000
000003 000003
000003 000003
000000 000003
000000 000003
3FFFFD 000003
3FFFFD 000003
3FFFFD 000000
3FFFFD 000000
3FFFFD 000000
3FFFFD 000003
3FFFFB 000008
3FFFE8 000008
3FFFDB 3FFFED
3FFFF0 3FFFC5
00002B 3FFFC2
000050 3FFFFB
000030 000038
3FFFF0 00003B
3FFFD8 00000B
3FFFF0 3FFFED
000005 3FFFF5
000003 000003
3FFFFD 000000
000000 3FFFFD
000003 000003
3FFFFD 000003
3FFFFD 3FFFFD
000000 3FFFFD
000003 000000
000000 000003
3FFFFD 000000
3FFFFD 3FFFFD
000003 3FFFFD
000003 000003
000000 000005
3FFFFD 000003
3FFFFD 3FFFFD
000000 3FFFFD
000003 3FFFFD
000003 000000
000000 000003
3FFFFD 000003
3FFFFD 000000
3FFFFD 3FFFFD
000000 3FFFFD
000003 3FFFFD
000003 000000
000003 000000
000000 000003
000000 000003
000000 000000
000000 000000
000000 000000
000000 000000
000000 000000
000000 000000
000000 000000
000000 000000
000000 000000
000000 000000
000000 000000
000000 000000
000000 000000
000000 000000
000000 000000
000000 000000
000000 000000
000000 000000
000000 000000
000000 000000
000000 000000
000000 000000
000000 000000
000000 000000
000000 000000
000000 000000
000000 000000
000000 000000
000000 000000
000000 000000
000000 000000
000000 000000
000000 000000
000000 000000
000000 000000
000000 000000
000000 000000
000000 000000
000000 000000
000000 000000
000000 000000
000000 000000
000000 000000
000000 000000
000000 000000
000000 000000
000000 000000
000000 000000
000000 000000
000000 000000
000000 000000
000000 000000
000000 000000
000000 000000
000000 000000
000000 000000
000000 000000
000000 000000
000000 000000
000000 000000
000000 000000
000000 000000
000000 000000
000000 000000
000000 000000
000000 000000
000000 000000
000000 000000
000000 000000
000000 000000
000000 000000
000000 3FFFFF
000000 000000
000000 000000
000000 000000
000000 000001
000001 000000
000000 000000
000000 000000
000000 000000
000000 000000
000000 000000
000000 000000
000000 000000
000001 000000
000000 000000
000000 000000
000000 000000
000000 000000
000000 000000
000000 000000
000000 000000
000000 000000
000000 000000
000000 000000
000000 000000
000000 000000
000000 000000
000000 000000
000000 000000
000000 000000
000000 000000
000000 000000
000000 000000
000000 000000
000000 000000
000000 000000
000000 000000
000000 000000
000000 000000
000000 000000
000000 000000
000000 000000
000000 000000
000000 000000
000000 000000
000000 000000
000000 000000
000000 000000
000000 000000
000000 000000
000000 000000
000000 000000
000000 000000
3FFFFD 000000
000000 3FFFFD
000003 3FFFFD
000003 000000
000000 000003
3FFFFD 000003
3FFFFD 000000
000000 3FFFFD
000003 3FFFFD
000003 000000
000003 000003
000000 000003
3FFFFD 000003
3FFFFD 000000
3FFFFD 3FFFFD
000000 3FFFFD
000003 3FFFFD
000003 000000
000003 000003
000003 000003
000000 000003
000000 000003
3FFFFD 000003
3FFFFD 000003
3FFFFD 000000
3FFFFD 000000
3FFFFD 000000
3FFFFD 000003
3FFFFB 000008
3FFFEB 000005
3FFFE0 3FFFED
3FFFF3 3FFFCB
000028 3FFFCB
000048 000000
000028 000035
3FFFED 000033
3FFFDB 000008
3FFFF3 3FFFF0
000005 3FFFF8
000003 000003
3FFFFD 000000
000000 3FFFFD
000003 000003
3FFFFD 000003
3FFFFD 3FFFFD
000000 3FFFFD
000003 000000
000000 000003
3FFFFD 000000
000000 3FFFFD
000003 3FFFFD
000003 000003
000000 000003
3FFFFD 000003
3FFFFD 3FFFFD
000000 3FFFFD
000003 3FFFFD
000003 000003
000000 000003
3FFFFD 000003
3FFFFD 000000
3FFFFD 3FFFFD
000000 3FFFFD
000003 3FFFFD
000003 000000
000003 000000
000000 000000
000000 000000
000000 000000
000000 000000
000000 000000
000000 000000
000000 000000
000000 000000
000000 000000
000000 000000
000000 000000
000000 000000
000000 000000
000000 000000
000000 000000
000000 000000
000000 000000
000000 000000
000000 000000
000000 000000
000000 000000
000000 000000
000000 000000
000000 000000
000000 000000
000000 000000
000000 000000
000000 000000
000000 000000
000000 000000
000000 000000
000000 000000
000000 000000
000000 000000
000000 000000
000000 000000
000000 000000
000000 000000
000000 000000
000000 000000
000000 000000
000000 000000
000000 000000
000000 000000
000000 000000
000000 000000
000000 000000
000000 000000
000000 000000
000000 000000
000000 000000
000000 000000
000000 000000
000000 000000
000000 000000
000000 000000
000000 000000
000000 000000
000000 000000
000000 000000
000000 000000
000000 000000
000000 000000
000000 000000
000000 000000
000000 000000
000000 000000
000000 000000
000000 000000
000000 000000
000000 3FFFFF
000000 000000
000000 000000
000000 000000
000000 000000
000000 3FFFFF
000000 000001
000000 000000
000000 000000
000000 000001
000001 000001
3FFFFF 000000
000000 000000
000001 000000
000000 000000
000000 000000
000000 3FFFFF
3FFFFF 000000
3FFFFF 000000
000000 000000
000000 000000
000000 000000
000000 000000
000000 000000
000000 000000
000000 000000
000000 000000
000000 000000
000000 000000
000000 000000
000000 000000
000000 000000
000000 000000
000000 000000
000000 000000
000000 000000
000000 000000
000000 000000
000000 000000
000000 000000
000000 000000
000000 000000
000000 000000
000000 000000
000000 000000
000000 000000
000000 000000
000000 000000
000000 000000
000000 000000
000000 000000
000000 000000
000000 000000
000000 000000
000000 000000
000000 000000
3FFFFD 000000
000000 3FFFFD
000000 3FFFFD
000003 000000
000000 000003
3FFFFD 000003
3FFFFD 000000
000000 3FFFFD
000003 3FFFFD
000003 000000
000003 000003
000000 000003
3FFFFD 000003
3FFFFD 000000
3FFFFD 3FFFFD
000000 3FFFFD
000003 3FFFFD
000003 000000
000003 000003
000003 000003
000000 000003
000000 000003
3FFFFD 000003
3FFFFD 000003
3FFFFD 000000
3FFFFD 000000
3FFFFD 000000
3FFFFD 000003
3FFFFB 000008
3FFFEB 000003
3FFFE3 3FFFED
3FFFF8 3FFFCD
000028 3FFFD0
000043 000003
000023 000033
3FFFED 000030
3FFFDD 000005
3FFFF3 3FFFF0
000005 3FFFF8
000003 000003
3FFFFD 000000
000000 3FFFFD
000003 000003
3FFFFD 000003
3FFFFD 3FFFFD
000000 3FFFFD
000003 000000
000000 000003
3FFFFD 000000
000000 3FFFFD
000003 3FFFFD
000003 000003
000000 000003
3FFFFD 000003
3FFFFD 3FFFFD
000000 3FFFFD
000003 3FFFFD
000003 000003
000000 000003
3FFFFD 000003
3FFFFD 000000
3FFFFD 3FFFFD
000000 3FFFFD
000003 3FFFFD
000003 000000
000003 000000
000000 000000
000000 000000
000000 000000
000000 000000
000000 000000
000000 000000
000000 000000
000000 000000
000000 000000
000000 000000
000000 000000
000000 000000
000000 000000
000000 000000
000000 000000
000000 000000
000000 000000
000000 000000
000000 000000
000000 000000
000000 000000
000000 000000
000000 000000
000000 000000
000000 000000
000000 000000
000000 000000
000000 000000
000000 000000
000000 000000
000000 000000
000000 000000
000000 000000
000000 000000
000000 000000
000000 000000
000000 000000
000000 000000
000000 000000
000000 000000
000000 000000
000000 000000
000000 000000
000000 000000
000000 000000
000000 000000
000000 000000
000000 000000
000000 000000
000000 000000
000000 000000
000000 000000
000000 000000
000000 000000
000000 000000
000000 000000
000000 000000
000000 000000
000000 000000
000000 000000
000000 000000
000000 000000
000000 000000
000000 000000
000000 000000
000000 000000
000000 000000
000000 000000
000000 000000
000000 000000
000000 000000
000000 000000
000001 000001
000001 000000
000001 000001
000000 000000
000000 000000
000000 000000
3FFFFF 000000
000000 000001
3FFFFF 3FFFFF
000000 000000
000000 000000
000000 000000
000000 000000
000000 000000
000000 000000
000000 3FFFFF
000000 000000
000000 000000
000000 000000
000000 000000
000000 000000
000000 000000
000000 000000
000000 000000
000000 000000
000000 000000
000000 000000
000000 000000
000000 000000
000000 000000
000000 000000
000000 000000
000000 000000
000000 000000
000000 000000
000000 000000
000000 000000
000000 000000
000000 000000
000000 000000
000000 000000
000000 000000
000000 000000
000000 000000
000000 000000
000000 000000
000000 000000
000000 000000
000000 000000
000000 000000
000000 000000
000000 000000
000000 000000
000000 000000
000000 000000
000000 3FFFFD
000000 000000
000003 000000
000000 000003
3FFFFD 000003
3FFFFD 000000
000000 3FFFFD
000003 3FFFFD
000003 000000
000003 000003
000000 000003
3FFFFD 000000
3FFFFD 3FFFFD
000000 3FFFFD
000000 3FFFFD
000003 3FFFFD
000003 000000
000003 000003
000003 000003
000000 000003
000000 000003
3FFFFD 000003
3FFFFD 000000
3FFFFD 000000
3FFFFD 000000
3FFFFD 000000
3FFFFD 000003
3FFFFB 000005
3FFFED 000003
3FFFE5 3FFFED
3FFFFB 3FFFD0
000028 3FFFD5
00003E 000005
00001D 000033
3FFFED 00002B
3FFFE0 000005
3FFFF5 3FFFF0
000005 3FFFF8
000003 000003
3FFFFD 000000
000000 3FFFFD
000003 000003
3FFFFD 000003
3FFFFD 3FFFFD
000000 3FFFFD
000003 000000
000000 000003
3FFFFD 000000
000000 3FFFFD
000003 3FFFFD
000003 000003
000000 000003
3FFFFD 000000
3FFFFD 3FFFFD
000000 3FFFFD
000003 000000
000003 000003
000000 000003
3FFFFD 000003
3FFFFD 000000
3FFFFD 3FFFFD
000000 3FFFFD
000003 3FFFFD
000003 000000
000003 000000
000000 000000
000000 000000
000000 000000
000000 000000
000000 000000
000000 000000
000000 000000
000000 000000
000000 000000
000000 000000
000000 000000
000000 000000
000000 000000
000000 000000
000000 000000
000000 000000
000000 000000
000000 000000
000000 000000
000000 000000
000000 000000
000000 000000
000000 000000
000000 000000
000000 000000
000000 000000
000000 000000
000000 000000
000000 000000
000000 000000
000000 000000
000000 000000
000000 000000
000000 000000
000000 000000
000000 000000
000000 000000
000000 000000
000000 000000
000000 000000
000000 000000
000000 000000
000000 000000
000000 000000
000000 000000
000000 000000
000000 000000
000000 000000
000000 000000
000000 000000
000000 000000
000000 000000
000000 000000
000000 000000
000000 000000
000000 000000
000000 000000
000000 000000
000000 000000
000000 000000
000000 000000
000000 000000
000000 000000
000000 000000
000000 000000
000000 000000
000000 000000
000000 000000
000000 000000
3FFFFF 000001
000000 000000
000000 000000
000000 000000
000000 000000
000000 000000
3FFFFF 000000
3FFFFF 3FFFFF
000000 000000
3FFFFF 000001
000000 000000
000000 000000
000000 000001
000000 000000
3FFFFF 000000
000000 000000
000000 000000
000000 000000
000000 000000
000000 000000
000000 000000
000000 000000
000000 000000
000000 000000
000000 000000
000000 000000
000000 000000
000000 000000
000000 000000
000000 000000
000000 000000
000000 000000
000000 000000
000000 000000
000000 000000
000000 000000
000000 000000
000000 000000
000000 000000
000000 000000
000000 000000
000000 000000
000000 000000
000000 000000
000000 000000
000000 000000
000000 000000
000000 000000
000000 000000
000000 000000
000000 000000
000000 000000
000000 000000
000000 000000
000000 000000
000000 000000
000000 000000
000000 000000
000000 3FFFFD
000000 000000
000003 000000
000000 000003
3FFFFD 000000
3FFFFD 000000
000000 3FFFFD
000003 3FFFFD
000003 000000
000000 000003
000000 000003
3FFFFD 000000
3FFFFD 3FFFFD
000000 3FFFFD
000000 3FFFFD
000003 3FFFFD
000003 000000
000003 000003
000000 000003
000000 000003
000000 000003
3FFFFD 000003
3FFFFD 000000
3FFFFD 000000
3FFFFD 000000
3FFFFD 000000
3FFFFD 000003
3FFFFB 000005
3FFFED 000003
3FFFE8 3FFFED
3FFFFD 3FFFD5
000028 3FFFDB
00003B 000008
00001B 000030
3FFFEB 000028
3FFFE3 000003
3FFFF5 3FFFF0
000005 3FFFFB
000003 000003
3FFFFD 000000
000000 3FFFFD
000003 000003
3FFFFD 000003
3FFFFD 3FFFFD
000000 3FFFFD
000003 000000
000000 000003
3FFFFD 000000
000000 3FFFFD
000003 3FFFFD
000003 000003
000000 000003
3FFFFD 000000
3FFFFD 3FFFFD
000000 3FFFFD
000003 000000
000003 000003
000000 000003
3FFFFD 000003
3FFFFD 000000
3FFFFD 3FFFFD
000000 3FFFFD
000003 000000
000003 000000
000000 000000
000000 000000
000000 000000
000000 000000
000000 000000
000000 000000
000000 000000
000000 000000
000000 000000
000000 000000
000000 000000
000000 000000
000000 000000
000000 000000
000000 000000
000000 000000
000000 000000
000000 000000
000000 000000
000000 000000
000000 000000
000000 000000
000000 000000
000000 000000
000000 000000
000000 000000
000000 000000
000000 000000
000000 000000
000000 000000
000000 000000
000000 000000
000000 000000
000000 000000
000000 000000
000000 000000
000000 000000
000000 000000
000000 000000
000000 000000
000000 000000
000000 000000
000000 000000
000000 000000
000000 000000
000000 000000
000000 000000
000000 000000
000000 000000
000000 000000
000000 000000
000000 000000
000000 000000
000000 000000
000000 000000
000000 000000
000000 000000
000000 000000
000000 000000
000000 000000
000000 000000
000000 000000
000000 000000
000000 000000
000000 000000
000000 000000
000000 000000
000000 000000
000000 000000
000000 000000
000000 000000
000000 000000
000000 000000
000000 000000
000000 000000
000000 000000
000000 000000
000000 000000
000000 000000
000000 000000
000001 3FFFFF
000000 000001
000000 000000
000000 000000
000000 000000
000000 000000
000000 000000
000000 000000
000000 000000
000001 000000
000000 000000
000000 000000
000000 000000
000000 000000
000000 000000
000000 000000
000000 000000
000000 000000
000000 000000
000000 000000
000000 000000
000000 000000
000000 000000
000000 000000
000000 000000
000000 000000
000000 000000
000000 000000
000000 000000
000000 000000
000000 000000
000000 000000
000000 000000
000000 000000
000000 000000
000000 000000
000000 000000
000000 000000
000000 000000
000000 000000
000000 000000
000000 000000
000000 000000
000000 000000
000000 000000
000000 000000
000000 000000
000000 000000
000000 000000
000000 000000
000003 000000
000000 000003
3FFFFD 000000
3FFFFD 000000
000000 3FFFFD
000003 3FFFFD
000003 000000
000000 000003
000000 000003
3FFFFD 000000
3FFFFD 3FFFFD
000000 3FFFFD
000000 3FFFFD
000003 000000
000003 000000
000003 000003
000000 000003
000000 000003
000000 000003
3FFFFD 000003
3FFFFD 000000
3FFFFD 000000
3FFFFD 000000
3FFFFD 000000
3FFFFD 000003
3FFFFB 000005
3FFFF0 000000
3FFFEB 3FFFED
000000 3FFFD5
000025 3FFFDD
000035 00000B
000015 00002D
3FFFEB 000023
3FFFE3 000000
3FFFF8 3FFFF0
000005 3FFFFB
000003 000003
3FFFFD 000000
000003 3FFFFD
000003 000003
3FFFFD 000003
3FFFFD 3FFFFD
000003 3FFFFD
000003 000000
000000 000003
3FFFFD 000000
000000 3FFFFD
000003 3FFFFD
000003 000003
000000 000003
3FFFFD 000000
3FFFFD 3FFFFD
000000 3FFFFD
000003 000000
000003 000003
000000 000003
3FFFFD 000003
3FFFFD 000000
000000 3FFFFD
000000 3FFFFD
000003 000000
000003 000000
000000 000000
000000 000000
000000 000000
000000 000000
000000 000000
000000 000000
000000 000000
000000 000000
000000 000000
000000 000000
000000 000000
000000 000000
000000 000000
000000 000000
000000 000000
000000 000000
000000 000000
000000 000000
000000 000000
000000 000000
000000 000000
000000 000000
000000 000000
000000 000000
000000 000000
000000 000000
000000 000000
000000 000000
000000 000000
000000 000000
000000 000000
000000 000000
000000 000000
000000 000000
000000 000000
000000 000000
000000 000000
000000 000000
000000 000000
000000 000000
000000 000000
000000 000000
000000 000000
000000 000000
000000 000000
000000 000000
000000 000000
000000 000000
000000 000000
000000 000000
000000 000000
000000 000000
000000 000000
000000 000000
000000 000000
000000 000000
000000 000000
000000 000000
000000 000000
000000 000000
000000 000000
000000 000000
000000 000000
000000 000000
000000 000000
000000 000000
000000 000000
000000 000000
000000 000000
000000 000000
000000 000000
000000 000000
000000 000000
000000 000000
000001 000000
000000 000000
000000 000000
000000 000001
000000 000000
000001 000000
000001 000000
000000 000000
000000 000000
000000 000000
000000 000000
000000 3FFFFF
000000 000000
000000 000000
000000 000000
000000 000000
000001 000000
000000 000000
000000 000000
000000 000000
000000 000000
000000 000000
000000 000000
000000 000000
000000 000000
000000 000000
000000 000000
000000 000000
000000 000000
000000 000000
000000 000000
000000 000000
000000 000000
000000 000000
000000 000000
000000 000000
000000 000000
000000 000000
000000 000000
000000 000000
000000 000000
000000 000000
000000 000000
000000 000000
000000 000000
000000 000000
000000 000000
000000 000000
000000 000000
000000 000000
000000 000000
000000 000000
000000 000000
000000 000000
000000 000000
000000 000000
000003 000000
000000 000003
3FFFFD 000000
3FFFFD 000000
000000 3FFFFD
000003 000000
000003 000000
000000 000003
000000 000003
3FFFFD 000000
3FFFFD 3FFFFD
000000 3FFFFD
000000 3FFFFD
000003 000000
000003 000000
000003 000003
000000 000003
000000 000003
000000 000003
3FFFFD 000003
3FFFFD 000000
3FFFFD 000000
3FFFFD 000000
3FFFFD 000000
3FFFFD 000003
3FFFFB 000005
3FFFF0 000000
3FFFED 3FFFED
000000 3FFFD8
000025 3FFFE3
000033 00000B
000013 00002D
3FFFEB 000020
3FFFE5 000000
3FFFF8 3FFFF3
000005 3FFFFB
000000 000003
3FFFFD 000000
000003 3FFFFD
000003 000003
3FFFFD 000003
3FFFFD 3FFFFD
000003 3FFFFD
000003 000000
000000 000003
3FFFFD 000000
000000 3FFFFD
000003 000000
000003 000003
000000 000003
3FFFFD 000000
3FFFFD 3FFFFD
000000 3FFFFD
000003 000000
000003 000003
000000 000003
3FFFFD 000003
3FFFFD 000000
000000 3FFFFD
000000 3FFFFD
000003 000000
000003 000000
000000 000000
000000 000000
000000 000000
000000 000000
000000 000000
000000 000000
000000 000000
000000 000000
000000 000000
000000 000000
000000 000000
000000 000000
000000 000000
000000 000000
000000 000000
000000 000000
000000 000000
000000 000000
000000 000000
000000 000000
000000 000000
000000 000000
000000 000000
000000 000000
000000 000000
000000 000000
000000 000000
000000 000000
000000 000000
000000 000000
000000 000000
000000 000000
000000 000000
000000 000000
000000 000000
000000 000000
000000 000000
000000 000000
000000 000000
000000 000000
000000 000000
000000 000000
000000 000000
000000 000000
000000 000000
000000 000000
000000 000000
000000 000000
000000 000000
000000 000000
000000 000000
000000 000000
000000 000000
000000 000000
000000 000000
000000 000000
000000 000000
000000 000000
000000 000000
000000 000000
000000 000000
000000 000000
000000 000000
000000 000000
000000 000000
000000 000000
000000 000000
000000 000000
000000 000000
000000 000000
000000 000000
3FFFFF 000000
000000 000000
000000 000000
000000 000000
000000 000001
000000 000001
000000 000000
000000 000000
000001 000000
000000 000000
000000 3FFFFF
000000 000000
000000 000000
000000 000000
000000 000000
000000 000001
000001 000000
000001 3FFFFF
000000 000000
000000 000001
000000 000000
000000 000000
000000 000000
000000 000000
000000 000000
000000 000000
000000 000000
000000 000000
000000 000000
000000 000000
000000 000000
000000 000000
000000 000000
000000 000000
000000 000000
000000 000000
000000 000000
000000 000000
000000 000000
000000 000000
000000 000000
000000 000000
000000 000000
000000 000000
000000 000000
000000 000000
000000 000000
000000 000000
000000 000000
000000 000000
000000 000000
000000 000000
000000 000000
000000 000000
000000 000000
000000 000000
000000 000000
000000 000000
000000 000000
000003 000000
000000 000003
3FFFFD 000000
3FFFFD 000000
000000 3FFFFD
000003 000000
000003 000000
000000 000003
3FFFFD 000003
3FFFFD 000000
3FFFFD 3FFFFD
000000 3FFFFD
000000 3FFFFD
000003 000000
000003 000000
000003 000003
000000 000003
000000 000003
000000 000003
3FFFFD 000003
3FFFFD 000000
3FFFFD 000000
3FFFFD 000000
3FFFFD 000000
3FFFFD 000000
3FFFFB 000003
3FFFF0 000000
3FFFED 3FFFED
000003 3FFFDB
000025 3FFFE5
000030 00000D
000010 00002B
3FFFEB 00001D
3FFFE5 3FFFFD
3FFFFB 3FFFF3
000005 3FFFFB
000000 000003
000000 000000
000003 3FFFFD
000003 000003
3FFFFD 000003
3FFFFD 3FFFFD
000003 3FFFFD
000003 000000
000000 000003
3FFFFD 000000
000000 3FFFFD
000003 000000
000003 000003
000000 000003
3FFFFD 000000
3FFFFD 3FFFFD
000000 3FFFFD
000003 000000
000003 000003
000000 000003
3FFFFD 000000
3FFFFD 000000
000000 3FFFFD
000000 3FFFFD
000000 000000
000003 000000
000000 000000
000000 000000
000000 000000
000000 000000
000000 000000
000000 000000
000000 000000
000000 000000
000000 000000
000000 000000
000000 000000
000000 000000
000000 000000
000000 000000
000000 000000
000000 000000
000000 000000
000000 000000
000000 000000
000000 000000
000000 000000
000000 000000
000000 000000
000000 000000
000000 000000
000000 000000
000000 000000
000000 000000
000000 000000
000000 000000
000000 000000
000000 000000
000000 000000
000000 000000
000000 000000
000000 000000
000000 000000
000000 000000
000000 000000
000000 000000
000000 000000
000000 000000
000000 000000
000000 000000
000000 000000
000000 000000
000000 000000
000000 000000
000000 000000
000000 000000
000000 000000
000000 000000
000000 000000
000000 000000
000000 000000
000000 000000
000000 000000
000000 000000
000000 000000
000000 000000
000000 000000
000000 000000
000000 000000
000000 000000
000000 000000
000000 000000
000000 000000
000000 000000
000000 000000
000000 000000
000000 000000
000000 000000
000000 000000
000000 000000
000001 000000
000000 000000
000000 000000
000000 000001
000000 000000
3FFFFF 000000
000000 000000
3FFFFF 000000
000000 000000
000000 000001
000000 000001
000001 000000
000000 000001
000000 000001
000001 000000
000000 000000
000000 000001
000000 000000
000000 000000
000000 000000
000000 000000
000000 000000
000000 000000
000000 000000
000000 000000
000000 000000
000000 000000
000000 000000
000000 000000
000000 000000
000000 000000
000000 000000
000000 000000
000000 000000
000000 000000
000000 000000
000000 000000
000000 000000
000000 000000
000000 000000
000000 000000
000000 000000
000000 000000
000000 000000
000000 000000
000000 000000
000000 000000
000000 000000
000000 000000
000000 000000
000000 000000
000000 000000
000000 000000
000000 000000
000000 000000
000000 000000
000000 000000
000000 000003
3FFFFD 000000
3FFFFD 000000
000000 3FFFFD
000003 000000
000003 000000
000000 000003
3FFFFD 000003
3FFFFD 000000
3FFFFD 3FFFFD
000000 3FFFFD
000003 3FFFFD
000003 000000
000003 000000
000003 000003
000000 000003
000000 000003
000000 000003
3FFFFD 000000
3FFFFD 000000
3FFFFD 000000
3FFFFD 000000
3FFFFD 000000
3FFFFD 000000
3FFFFB 000003
3FFFF3 3FFFFD
3FFFF0 3FFFED
000005 3FFFDD
000025 3FFFE8
00002D 000010
00000D 00002B
3FFFEB 00001B
3FFFE8 3FFFFD
3FFFFB 3FFFF3
000005 3FFFFB
000000 000003
000000 000000
000003 000000
000000 000003
3FFFFD 000000
3FFFFD 3FFFFD
000003 3FFFFD
000003 000000
000000 000003
3FFFFD 000000
000000 3FFFFD
000003 000000
000003 000003
000000 000003
3FFFFD 000000
3FFFFD 3FFFFD
000000 3FFFFD
000003 000000
000003 000003
000000 000003
3FFFFD 000000
3FFFFD 000000
000000 3FFFFD
000000 3FFFFD
000000 000000
000003 000000
000000 000000
000000 000000
000000 000000
000000 000000
000000 000000
000000 000000
000000 000000
000000 000000
000000 000000
000000 000000
000000 000000
000000 000000
000000 000000
000000 000000
000000 000000
000000 000000
000000 000000
000000 000000
000000 000000
000000 000000
000000 000000
000000 000000
000000 000000
000000 000000
000000 000000
000000 000000
000000 000000
000000 000000
000000 000000
000000 000000
000000 000000
000000 000000
000000 000000
000000 000000
000000 000000
000000 000000
000000 000000
000000 000000
000000 000000
000000 000000
000000 000000
000000 000000
000000 000000
000000 000000
000000 000000
000000 000000
000000 000000
000000 000000
000000 000000
000000 000000
000000 000000
000000 000000
000000 000000
000000 000000
000000 000000
000000 000000
000000 000000
000000 000000
000000 000000
000000 000000
000000 000000
000000 000000
000000 000000
000000 000000
000000 000000
000000 000000
000000 000000
000000 000000
000000 000000
000000 000000
000001 3FFFFF
000000 000000
000000 000000
000000 000000
000000 000000
000001 000000
000000 000000
000000 000000
000000 000001
3FFFFF 000000
000000 000000
000000 000000
000000 000000
000000 000001
000001 000000
3FFFFF 000000
3FFFFF 000000
000000 000000
000000 000000
3FFFFF 000000
000001 000000
000000 000000
000000 000000
000000 000000
000000 000000
000000 000000
000000 000000
000000 000000
000000 000000
000000 000000
000000 000000
000000 000000
000000 000000
000000 000000
000000 000000
000000 000000
000000 000000
000000 000000
000000 000000
000000 000000
000000 000000
000000 000000
000000 000000
000000 000000
000000 000000
000000 000000
000000 000000
000000 000000
000000 000000
000000 000000
000000 000000
000000 000000
000000 000000
000000 000000
000000 000000
000000 000000
000000 000000
000000 000000
000000 000000
000000 000000
000000 000000
000000 000003
3FFFFD 000000
3FFFFD 000000
000000 3FFFFD
000003 000000
000003 000000
000000 000003
3FFFFD 000003
3FFFFD 000000
3FFFFD 3FFFFD
000000 3FFFFD
000003 3FFFFD
000003 000000
000003 000000
000003 000003
000000 000003
000000 000003
000000 000003
3FFFFD 000000
3FFFFD 000000
3FFFFD 000000
3FFFFD 000000
3FFFFD 000000
3FFFFD 000000
3FFFFB 000003
3FFFF3 3FFFFD
3FFFF3 3FFFED
000005 3FFFDD
000025 3FFFEB
00002B 000010
00000B 000028
3FFFEB 00001B
3FFFE8 3FFFFB
3FFFFB 3FFFF3
000005 3FFFFD
000000 000003
000000 000000
000003 000000
000000 000003
3FFFFD 000000
3FFFFD 3FFFFD
000003 3FFFFD
000003 000000
000000 000003
3FFFFD 000000
000000 3FFFFD
000003 000000
000003 000003
000000 000003
3FFFFD 000000
000000 3FFFFD
000000 3FFFFD
000003 000000
000003 000003
000000 000003
3FFFFD 000000
3FFFFD 000000
000000 3FFFFD
000000 3FFFFD
000000 000000
000000 000000
000000 000000
000000 000000
000000 000000
000000 000000
000000 000000
000000 000000
000000 000000
000000 000000
000000 000000
000000 000000
000000 000000
000000 000000
000000 000000
000000 000000
000000 000000
000000 000000
000000 000000
000000 000000
000000 000000
000000 000000
000000 000000
000000 000000
000000 000000
000000 000000
000000 000000
000000 000000
000000 000000
000000 000000
000000 000000
000000 000000
000000 000000
000000 000000
000000 000000
000000 000000
000000 000000
000000 000000
000000 000000
000000 000000
000000 000000
000000 000000
000000 000000
000000 000000
000000 000000
000000 000000
000000 000000
000000 000000
000000 000000
000000 000000
000000 000000
000000 000000
000000 000000
000000 000000
000000 000000
000000 000000
000000 000000
000000 000000
000000 000000
000000 000000
000000 000000
000000 000000
000000 000000
000000 000000
000000 000000
000000 000000
000000 000000
000000 000000
000000 000000
000000 000000
000000 000000
000000 000000
000000 000000
000000 000000
000001 000001
000000 000000
000000 000000
000000 000001
000000 3FFFFF
000000 000001
000000 3FFFFF
000000 000000
000000 000000
000000 000000
000000 000000
000000 000000
000000 000001
000000 000000
000001 000000
3FFFFF 3FFFFF
000001 000000
000000 000001
3FFFFF 000000
000000 000000
000000 000000
000000 000000
000000 000000
000000 000000
000000 000000
000000 000000
000000 000000
000000 000000
000000 000000
000000 000000
000000 000000
000000 000000
000000 000000
000000 000000
000000 000000
000000 000000
000000 000000
000000 000000
000000 000000
000000 000000
000000 000000
000000 000000
000000 000000
000000 000000
000000 000000
000000 000000
000000 000000
000000 000000
000000 000000
000000 000000
000000 000000
000000 000000
000000 000000
000000 000000
000000 000000
000000 000000
000000 000000
000000 000000
000000 000000
000000 000003
3FFFFD 000000
000000 000000
000000 3FFFFD
000003 000000
000003 000000
000000 000003
3FFFFD 000003
3FFFFD 000000
3FFFFD 3FFFFD
000000 3FFFFD
000003 3FFFFD
000003 000000
000003 000000
000000 000003
000000 000003
000000 000003
000000 000003
3FFFFD 000000
3FFFFD 000000
3FFFFD 000000
3FFFFD 000000
000000 000000
3FFFFD 000000
3FFFFB 000003
3FFFF3 3FFFFD
3FFFF3 3FFFED
000008 3FFFE0
000025 3FFFED
000028 000013
000008 000028
3FFFE8 000018
3FFFEB 3FFFFB
3FFFFD 3FFFF3
000005 3FFFFD
000000 000003
000000 000000
000003 000000
000000 000003
3FFFFD 000000
000000 3FFFFD
000003 3FFFFD
000003 000000
000000 000003
3FFFFD 000000
000000 3FFFFD
000003 000000
000003 000003
000000 000003
3FFFFD 000000
000000 3FFFFD
000000 3FFFFD
000003 000000
000000 000003
000000 000003
3FFFFD 000000
3FFFFD 000000
000000 3FFFFD
000000 3FFFFD
000000 000000
000000 000000
000000 000000
000000 000000
000000 000000
000000 000000
000000 000000
000000 000000
000000 000000
000000 000000
000000 000000
000000 000000
000000 000000
000000 000000
000000 000000
000000 000000
000000 000000
000000 000000
000000 000000
000000 000000
000000 000000
000000 000000
000000 000000
000000 000000
000000 000000
000000 000000
000000 000000
000000 000000
000000 000000
000000 000000
000000 000000
000000 000000
000000 000000
000000 000000
000000 000000
000000 000000
000000 000000
000000 000000
000000 000000
000000 000000
000000 000000
000000 000000
000000 000000
000000 000000
000000 000000
000000 000000
000000 000000
000000 000000
000000 000000
000000 000000
000000 000000
000000 000000
000000 000000
000000 000000
000000 000000
000000 000000
000000 000000
000000 000000
000000 000000
000000 000000
000000 000000
000000 000000
000000 000000
000000 000000
000000 000000
000000 000000
000000 000000
000000 000000
000000 000000
000000 000000
000000 000000
000000 000000
3FFFFF 000000
000000 000000
000000 000000
000000 3FFFFF
000000 000000
000000 000000
000000 000000
000000 000000
000001 000001
000000 000000
000000 000000
000000 000001
000000 000000
000001 000000
000000 000000
3FFFFF 000000
000000 000000
000000 000000
000000 000000
000001 000001
000000 000000
000000 000000
000000 000000
000000 000000
000000 000000
000000 000000
000000 000000
000000 000000
000000 000000
000000 000000
000000 000000
000000 000000
000000 000000
000000 000000
000000 000000
000000 000000
000000 000000
000000 000000
000000 000000
000000 000000
000000 000000
000000 000000
000000 000000
000000 000000
000000 000000
000000 000000
000000 000000
000000 000000
000000 000000
000000 000000
000000 000000
000000 000000
000000 000000
000000 000000
000000 000000
000000 000000
000000 000000
000000 000000
000000 000000
000000 000000
000000 000000
000000 000003
3FFFFD 000000
000000 000000
000000 3FFFFD
000003 000000
000003 000000
000000 000003
3FFFFD 000003
3FFFFD 000000
3FFFFD 3FFFFD
000000 3FFFFD
000003 3FFFFD
000003 000000
000003 000000
000000 000003
000000 000003
000000 000003
000000 000003
3FFFFD 000000
3FFFFD 000000
3FFFFD 000000
3FFFFD 000000
000000 000000
3FFFFD 000000
3FFFFB 000003
3FFFF3 3FFFFD
3FFFF5 3FFFED
000008 3FFFE0
000023 3FFFF0
000025 000013
000005 000028
3FFFE8 000015
3FFFEB 3FFFFB
3FFFFD 3FFFF3
000005 3FFFFD
000000 000003
000000 000000
000003 000000
000000 000003
3FFFFD 000000
000000 3FFFFD
000003 000000
000003 000000
000000 000003
3FFFFD 000000
000000 3FFFFD
000003 000000
000000 000003
000000 000003
3FFFFD 000000
000000 3FFFFD
000000 3FFFFD
000003 000000
000000 000003
000000 000003
3FFFFD 000000
3FFFFD 000000
000000 3FFFFD
000000 3FFFFD
000000 000000
000000 000000
000000 000000
000000 000000
000000 000000
000000 000000
000000 000000
000000 000000
000000 000000
000000 000000
000000 000000
000000 000000
000000 000000
000000 000000
000000 000000
000000 000000
000000 000000
000000 000000
000000 000000
000000 000000
000000 000000
000000 000000
000000 000000
000000 000000
000000 000000
000000 000000
000000 000000
000000 000000
000000 000000
000000 000000
000000 000000
000000 000000
000000 000000
000000 000000
000000 000000
000000 000000
000000 000000
000000 000000
000000 000000
000000 000000
000000 000000
000000 000000
000000 000000
000000 000000
000000 000000
000000 000000
000000 000000
000000 000000
000000 000000
000000 000000
000000 000000
000000 000000
000000 000000
000000 000000
000000 000000
000000 000000
000000 000000
000000 000000
000000 000000
000000 000000
000000 000000
000000 000000
000000 000000
000000 000000
000000 000000
000000 000000
000000 000000
000000 000000
000000 000000
000000 000000
000000 000000
000000 000000
3FFFFF 000000
000000 000000
000000 000001
000000 000000
000000 000000
000000 000000
000000 000000
000000 000000
000000 000000
000001 000000
000000 000000
000000 000000
000000 000000
000000 000000
000000 000000
3FFFFF 000000
000000 3FFFFF
000000 000000
000001 000000
000000 000001
000000 000000
000000 000000
000000 000000
000000 000000
000000 000000
000000 000000
000000 000000
000000 000000
000000 000000
000000 000000
000000 000000
000000 000000
000000 000000
000000 000000
000000 000000
000000 000000
000000 000000
000000 000000
000000 000000
000000 000000
000000 000000
000000 000000
000000 000000
000000 000000
000000 000000
000000 000000
000000 000000
000000 000000
000000 000000
000000 000000
000000 000000
000000 000000
000000 000000
000000 000000
000000 000000
000000 000000
000000 000000
000000 000000
000000 000000
000000 000000
000000 000000
000000 000003
3FFFFD 000000
000000 000000
000000 3FFFFD
000003 000000
000003 000000
000000 000003
3FFFFD 000003
3FFFFD 000000
3FFFFD 3FFFFD
000000 3FFFFD
000003 3FFFFD
000003 000000
000003 000000
000000 000003
000000 000003
000000 000003
000000 000003
3FFFFD 000000
3FFFFD 000000
3FFFFD 000000
3FFFFD 000000
000000 000000
3FFFFD 000000
3FFFFB 000003
3FFFF3 3FFFFD
3FFFF5 3FFFED
00000B 3FFFE3
000023 3FFFF3
000023 000015
000005 000025
3FFFE8 000015
3FFFEB 3FFFF8
3FFFFD 3FFFF3
000005 3FFFFD
000000 000003
000000 000000
000003 000000
000000 000003
3FFFFD 000000
000000 3FFFFD
000003 000000
000003 000000
000000 000003
3FFFFD 000000
000000 3FFFFD
000003 000000
000000 000003
000000 000003
3FFFFD 000000
000000 3FFFFD
000000 3FFFFD
000003 000000
000000 000003
000000 000003
3FFFFD 000000
3FFFFD 000000
000000 3FFFFD
000000 000000
000000 000000
000000 000000
000000 000000
000000 000000
000000 000000
000000 000000
000000 000000
000000 000000
000000 000000
000000 000000
000000 000000
000000 000000
000000 000000
000000 000000
000000 000000
000000 000000
000000 000000
000000 000000
000000 000000
000000 000000
000000 000000
000000 000000
000000 000000
000000 000000
000000 000000
000000 000000
000000 000000
000000 000000
000000 000000
000000 000000
000000 000000
000000 000000
000000 000000
000000 000000
000000 000000
000000 000000
000000 000000
000000 000000
000000 000000
000000 000000
000000 000000
000000 000000
000000 000000
000000 000000
000000 000000
000000 000000
000000 000000
000000 000000
000000 000000
000000 000000
000000 000000
000000 000000
000000 000000
000000 000000
000000 000000
000000 000000
000000 000000
000000 000000
000000 000000
000000 000000
000000 000000
000000 000000
000000 000000
000000 000000
000000 000000
000000 000000
000000 000000
000000 000000
000000 000000
000000 000000
000000 000000
000000 000000
000000 000000
000001 000000
000000 000000
3FFFFF 000000
000000 000000
000000 000000
000001 000000
000000 000000
000000 000000
000000 000001
3FFFFF 000000
000000 000000
000000 000000
000000 3FFFFF
000000 000000
000000 000000
000000 000000
000000 000000
000000 000000
000000 000001
000000 000000
000000 000000
000000 000000
000000 000000
000000 000000
000000 000000
000000 000000
000000 000000
000000 000000
000000 000000
000000 000000
000000 000000
000000 000000
000000 000000
000000 000000
000000 000000
000000 000000
000000 000000
000000 000000
000000 000000
000000 000000
000000 000000
000000 000000
000000 000000
000000 000000
000000 000000
000000 000000
000000 000000
000000 000000
000000 000000
000000 000000
000000 000000
000000 000000
000000 000000
000000 000000
000000 000000
000000 000000
000000 000000
000000 000000
000000 000000
000000 000000
000000 000000
3FFFFD 000000
000000 000000
000000 3FFFFD
000003 000000
000003 000000
000000 000003
3FFFFD 000000
3FFFFD 000000
000000 3FFFFD
000000 3FFFFD
000003 3FFFFD
000003 000000
000003 000000
000000 000003
000000 000003
000000 000003
000000 000000
3FFFFD 000000
3FFFFD 000000
3FFFFD 000000
3FFFFD 000000
000000 000000
3FFFFD 000000
3FFFFB 000003
3FFFF5 3FFFFB
3FFFF8 3FFFED
00000B 3FFFE3
000023 3FFFF3
000023 000015
000003 000025
3FFFE8 000013
3FFFED 3FFFF8
3FFFFD 3FFFF3
000005 3FFFFD
000000 000003
000000 000000
000003 000000
000000 000003
3FFFFD 000000
000000 3FFFFD
000003 000000
000000 000000
000000 000003
3FFFFD 000000
000000 3FFFFD
000003 000000
000000 000003
000000 000003
3FFFFD 000000
000000 3FFFFD
000000 3FFFFD
000003 000000
000000 000003
000000 000003
3FFFFD 000000
3FFFFD 000000
000000 3FFFFD
000000 000000
000000 000000
000000 000000
000000 000000
000000 000000
000000 000000
000000 000000
000000 000000
000000 000000
000000 000000
000000 000000
000000 000000
000000 000000
000000 000000
000000 000000
000000 000000
000000 000000
000000 000000
000000 000000
000000 000000
000000 000000
000000 000000
000000 000000
000000 000000
000000 000000
000000 000000
000000 000000
000000 000000
000000 000000
000000 000000
000000 000000
000000 000000
000000 000000
000000 000000
000000 000000
000000 000000
000000 000000
000000 000000
000000 000000
000000 000000
000000 000000
000000 000000
000000 000000
000000 000000
000000 000000
000000 000000
000000 000000
000000 000000
000000 000000
000000 000000
000000 000000
000000 000000
000000 000000
000000 000000
000000 000000
000000 000000
000000 000000
000000 000000
000000 000000
000000 000000
000000 000000
000000 000000
000000 000000
000000 000000
000000 000000
000000 000000
000000 000000
000000 000000
000000 000000
000000 000000
000000 000000
000000 000000
000000 000000
3FFFFF 000000
000000 000000
000001 000000
000000 000000
3FFFFF 000000
000000 3FFFFF
000000 000000
000000 3FFFFF
000000 000000
000001 000000
000000 000000
000000 3FFFFF
000000 000000
000000 000000
000000 000001
000001 000001
000000 000000
000001 000000
000001 000001
000001 000000
000000 000000
000000 000000
000000 000000
000000 000000
000000 000000
000000 000000
000000 000000
000000 000000
000000 000000
000000 000000
000000 000000
000000 000000
000000 000000
000000 000000
000000 000000
000000 000000
000000 000000
000000 000000
000000 000000
000000 000000
000000 000000
000000 000000
000000 000000
000000 000000
000000 000000
000000 000000
000000 000000
000000 000000
000000 000000
000000 000000
000000 000000
000000 000000
000000 000000
000000 000000
000000 000000
000000 000000
000000 000000
000000 000000
000000 000000
000000 000000
000000 000000
000000 000000
3FFFFD 000000
000000 000000
000000 3FFFFD
000003 000000
000000 000000
000000 000003
3FFFFD 000000
3FFFFD 000000
000000 3FFFFD
000000 3FFFFD
000003 000000
000003 000000
000003 000000
000000 000003
000000 000003
000000 000003
3FFFFD 000000
3FFFFD 000000
3FFFFD 000000
3FFFFD 000000
3FFFFD 000000
000000 000000
3FFFFD 000000
3FFFFB 000000
3FFFF5 3FFFFB
3FFFF8 3FFFED
00000B 3FFFE5
000023 3FFFF5
000020 000015
000000 000025
3FFFE8 000010
3FFFED 3FFFF8
000000 3FFFF5
000005 3FFFFD
000000 000003
000000 000000
000003 000000
000000 000003
3FFFFD 000000
000000 3FFFFD
000003 000000
000000 000000
000000 000000
3FFFFD 000000
000000 3FFFFD
000003 000000
000000 000003
000000 000003
3FFFFD 000000
000000 3FFFFD
000000 3FFFFD
000003 000000
000000 000003
000000 000003
3FFFFD 000000
3FFFFD 000000
000000 3FFFFD
000000 000000
000000 000000
000000 000000
000000 000000
000000 000000
000000 000000
000000 000000
000000 000000
000000 000000
000000 000000
000000 000000
000000 000000
000000 000000
000000 000000
000000 000000
000000 000000
000000 000000
000000 000000
000000 000000
000000 000000
000000 000000
000000 000000
000000 000000
000000 000000
000000 000000
000000 000000
000000 000000
000000 000000
000000 000000
000000 000000
000000 000000
000000 000000
000000 000000
000000 000000
000000 000000
000000 000000
000000 000000
000000 000000
000000 000000
000000 000000
000000 000000
000000 000000
000000 000000
000000 000000
000000 000000
000000 000000
000000 000000
000000 000000
000000 000000
000000 000000
000000 000000
000000 000000
000000 000000
000000 000000
000000 000000
000000 000000
000000 000000
000000 000000
000000 000000
000000 000000
000000 000000
000000 000000
000000 000000
000000 000000
000000 000000
000000 000000
000000 000000
000000 000000
000000 000000
000000 000000
000000 000000
000000 000000
000000 000000
000000 000000
000000 000000
3FFFFF 000000
000000 000000
000000 000000
000000 3FFFFF
000000 000001
000000 000000
000000 000000
000000 000000
000000 000000
000000 000000
000001 000000
000000 000000
000000 000000
000000 000000
000000 000000
000000 000000
000000 000001
000000 000000
000001 000000
000000 000000
000000 000000
000000 000000
000000 000000
000000 000000
000000 000000
000000 000000
000000 000000
000000 000000
000000 000000
000000 000000
000000 000000
000000 000000
000000 000000
000000 000000
000000 000000
000000 000000
000000 000000
000000 000000
000000 000000
000000 000000
000000 000000
000000 000000
000000 000000
000000 000000
000000 000000
000000 000000
000000 000000
000000 000000
000000 000000
000000 000000
000000 000000
000000 000000
000000 000000
000000 000000
000000 000000
000000 000000
000000 000000
000000 000000
000000 000000
000000 000000
3FFFFD 000000
000000 000000
000000 3FFFFD
000003 000000
000000 000000
000000 000003
3FFFFD 000000
3FFFFD 000000
000000 3FFFFD
000000 3FFFFD
000003 000000
000003 000000
000003 000000
000000 000003
000000 000003
000000 000003
3FFFFD 000000
3FFFFD 000000
3FFFFD 000000
3FFFFD 000000
000000 000000
000000 000000
3FFFFD 000000
3FFFFB 000000
3FFFF5 3FFFFB
3FFFF8 3FFFED
00000D 3FFFE5
000023 3FFFF8
00001D 000018
3FFFFD 000023
3FFFE8 000010
3FFFED 3FFFF8
000000 3FFFF5
000005 3FFFFD
000000 000003
000000 000000
000003 000000
000000 000003
3FFFFD 000000
000000 3FFFFD
000003 000000
000000 000003
000000 000000
3FFFFD 000000
000000 3FFFFD
000003 000000
000000 000003
000000 000003
3FFFFD 000000
000000 3FFFFD
000000 3FFFFD
000003 000000
000000 000003
000000 000003
3FFFFD 000000
000000 000000
000000 3FFFFD
000000 000000
000000 000000
000000 000000
000000 000000
000000 000000
000000 000000
000000 000000
000000 000000
000000 000000
000000 000000
000000 000000
000000 000000
000000 000000
000000 000000
000000 000000
000000 000000
000000 000000
000000 000000
000000 000000
000000 000000
000000 000000
000000 000000
000000 000000
000000 000000
000000 000000
000000 000000
000000 000000
000000 000000
000000 000000
000000 000000
000000 000000
000000 000000
000000 000000
000000 000000
000000 000000
000000 000000
000000 000000
000000 000000
000000 000000
000000 000000
000000 000000
000000 000000
000000 000000
000000 000000
000000 000000
000000 000000
000000 000000
000000 000000
000000 000000
000000 000000
000000 000000
000000 000000
000000 000000
000000 000000
000000 000000
000000 000000
000000 000000
000000 000000
000000 000000
000000 000000
000000 000000
000000 000000
000000 000000
000000 000000
000000 000000
000000 000000
000000 000000
000000 000000
000000 000000
000000 000000
000000 000000
000000 000000
000000 000000
000001 000000
000000 000000
000001 000000
000000 000000
000000 000001
000000 3FFFFF
000001 000000
000001 000001
000000 3FFFFF
000000 000000
000000 3FFFFF
000000 000001
000000 000000
000000 000000
000000 000000
000000 3FFFFF
000000 000000
000001 000001
000000 000000
000000 000000
000000 000000
000000 000000
000000 000000
000000 000000
000000 000000
000000 000000
000000 000000
000000 000000
000000 000000
000000 000000
000000 000000
000000 000000
000000 000000
000000 000000
000000 000000
000000 000000
000000 000000
000000 000000
000000 000000
000000 000000
000000 000000
000000 000000
000000 000000
000000 000000
000000 000000
000000 000000
000000 000000
000000 000000
000000 000000
000000 000000
000000 000000
000000 000000
000000 000000
000000 000000
000000 000000
000000 000000
000000 000000
000000 000000
000000 000000
000000 000000
000000 000000
000000 000000
3FFFFD 000000
000000 000000
000000 3FFFFD
000003 000000
000000 000000
000000 000003
3FFFFD 000000
3FFFFD 000000
000000 3FFFFD
000000 3FFFFD
000003 000000
000003 000000
000003 000000
000000 000003
000000 000003
000000 000003
3FFFFD 000000
3FFFFD 000000
3FFFFD 000000
3FFFFD 000000
000000 000000
000000 000000
3FFFFD 000000
3FFFFB 000000
3FFFF5 3FFFFB
3FFFFB 3FFFED
00000D 3FFFE8
000023 3FFFFB
00001D 000018
3FFFFD 000023
3FFFE8 00000D
3FFFF0 3FFFF5
000000 3FFFF5
000005 3FFFFD
000000 000003
000000 000000
000003 000000
000000 000003
3FFFFD 000000
000000 3FFFFD
000003 000000
000000 000003
000000 000000
3FFFFD 000000
000000 3FFFFD
000003 000000
000000 000003
3FFFFD 000003
3FFFFD 000000
000000 3FFFFD
000000 000000
000003 000000
000000 000003
000000 000003
3FFFFD 000000
000000 000000
000000 3FFFFD
000000 000000
000000 000000
000000 000000
000000 000000
000000 000000
000000 000000
000000 000000
000000 000000
000000 000000
000000 000000
000000 000000
000000 000000
000000 000000
000000 000000
000000 000000
000000 000000
000000 000000
000000 000000
000000 000000
000000 000000
000000 000000
000000 000000
000000 000000
000000 000000
000000 000000
000000 000000
000000 000000
000000 000000
000000 000000
000000 000000
000000 000000
000000 000000
000000 000000
000000 000000
000000 000000
000000 000000
000000 000000
000000 000000
000000 000000
000000 000000
000000 000000
000000 000000
000000 000000
000000 000000
000000 000000
000000 000000
000000 000000
000000 000000
000000 000000
000000 000000
000000 000000
000000 000000
000000 000000
000000 000000
000000 000000
000000 000000
000000 000000
000000 000000
000000 000000
000000 000000
000000 000000
000000 000000
000000 000000
000000 000000
000000 000000
000000 000000
000000 000000
000000 000000
000000 000000
000000 000000
000000 000000
000000 000000
000000 000000
000000 000000
000001 000001
3FFFFF 000000
000000 000000
000000 000000
000000 000001
000000 000000
000000 000000
000000 000000
000000 000000
000000 000001
3FFFFF 000000
000000 000000
000000 000001
000000 000000
000000 000001
000000 000000
000000 000001
000000 000000
000000 000000
000000 000000
000000 000000
000000 000000
000000 000000
000000 000000
000000 000000
000000 000000
000000 000000
000000 000000
000000 000000
000000 000000
000000 000000
000000 000000
000000 000000
000000 000000
000000 000000
000000 000000
000000 000000
000000 000000
000000 000000
000000 000000
000000 000000
000000 000000
000000 000000
000000 000000
000000 000000
000000 000000
000000 000000
000000 000000
000000 000000
000000 000000
000000 000000
000000 000000
000000 000000
000000 000000
000000 000000
000000 000000
000000 000000
000000 000000
000000 000000
000000 000000
000000 000000
3FFFFD 000000
000000 3FFFFD
000000 000000
000003 000000
000000 000000
000000 000003
3FFFFD 000000
3FFFFD 000000
000000 3FFFFD
000000 3FFFFD
000003 000000
000003 000000
000000 000000
000000 000003
000000 000003
000000 000003
3FFFFD 000000
3FFFFD 000000
3FFFFD 000000
3FFFFD 000000
000000 000000
000000 000000
3FFFFD 000000
3FFFFB 000000
3FFFF5 3FFFFB
3FFFFB 3FFFED
000010 3FFFE8
000023 3FFFFB
00001B 00001B
3FFFFB 000023
3FFFE8 00000D
3FFFF0 3FFFF5
000000 3FFFF5
000005 3FFFFD
000000 000003
000000 000000
000003 000000
000000 000003
3FFFFD 000000
000000 3FFFFD
000003 000000
000000 000003
000000 000000
000000 000000
000000 3FFFFD
000003 000000
000000 000003
3FFFFD 000000
3FFFFD 000000
000000 3FFFFD
000003 000000
000003 000000
000000 000003
000000 000003
3FFFFD 000000
000000 000000
000000 3FFFFD
000000 000000
000000 000000
000000 000000
000000 000000
000000 000000
000000 000000
000000 000000
000000 000000
000000 000000
000000 000000
000000 000000
000000 000000
000000 000000
000000 000000
000000 000000
000000 000000
000000 000000
000000 000000
000000 000000
000000 000000
000000 000000
000000 000000
000000 000000
000000 000000
000000 000000
000000 000000
000000 000000
000000 000000
000000 000000
000000 000000
000000 000000
000000 000000
000000 000000
000000 000000
000000 000000
000000 000000
000000 000000
000000 000000
000000 000000
000000 000000
000000 000000
000000 000000
000000 000000
000000 000000
000000 000000
000000 000000
000000 000000
000000 000000
000000 000000
000000 000000
000000 000000
000000 000000
000000 000000
000000 000000
000000 000000
000000 000000
000000 000000
000000 000000
000000 000000
000000 000000
000000 000000
000000 000000
000000 000000
000000 000000
000000 000000
000000 000000
000000 000000
000000 000000
000000 000000
000000 000000
000000 000000
000000 000000
000000 000000
000000 000000
000000 000000
000000 000000
000000 000000
000000 000000
3FFFFF 000000
000000 000000
000000 000000
000000 000000
000000 000000
000000 000000
000001 000000
000000 000000
000000 000000
3FFFFF 000000
000000 000000
000001 000001
000000 000001
000000 000000
000000 000000
000000 000000
000000 000000
000000 000000
000000 000000
000000 000000
000000 000000
000000 000000
000000 000000
000000 000000
000000 000000
000000 000000
000000 000000
000000 000000
000000 000000
000000 000000
000000 000000
000000 000000
000000 000000
000000 000000
000000 000000
000000 000000
000000 000000
000000 000000
000000 000000
000000 000000
000000 000000
000000 000000
000000 000000
000000 000000
000000 000000
000000 000000
000000 000000
000000 000000
000000 000000
000000 000000
000000 000000
000000 000000
000000 000000
000000 000000
000000 000000
000000 000000
000000 000000
3FFFFD 000000
000000 3FFFFD
000000 000000
000003 000000
000000 000003
000000 000003
3FFFFD 000000
3FFFFD 000000
000000 3FFFFD
000000 3FFFFD
000003 000000
000003 000000
000000 000000
000000 000003
000000 000003
000000 000003
3FFFFD 000000
3FFFFD 000000
3FFFFD 000000
000000 000000
000000 000000
000000 000000
3FFFFD 000000
3FFFFB 000000
3FFFF8 3FFFFB
3FFFFB 3FFFED
000010 3FFFEB
000023 3FFFFD
000018 00001B
3FFFFB 000020
3FFFE8 00000B
3FFFF0 3FFFF5
000003 3FFFF5
000005 000000
000000 000003
000000 000000
000003 000000
000000 000003
3FFFFD 000000
000000 3FFFFD
000003 000000
000000 000003
000000 000000
000000 000000
000000 3FFFFD
000003 000000
000000 000003
3FFFFD 000000
3FFFFD 000000
000000 3FFFFD
000003 000000
000003 000000
000000 000003
000000 000003
3FFFFD 000000
000000 000000
000000 3FFFFD
000000 000000
000000 000000
000000 000000
000000 000000
000000 000000
000000 000000
000000 000000
000000 000000
000000 000000
000000 000000
000000 000000
000000 000000
000000 000000
000000 000000
000000 000000
000000 000000
000000 000000
000000 000000
000000 000000
000000 000000
000000 000000
000000 000000
000000 000000
000000 000000
000000 000000
000000 000000
000000 000000
000000 000000
000000 000000
000000 000000
000000 000000
000000 000000
000000 000000
000000 000000
000000 000000
000000 000000
000000 000000
000000 000000
000000 000000
000000 000000
000000 000000
000000 000000
000000 000000
000000 000000
000000 000000
000000 000000
000000 000000
000000 000000
000000 000000
000000 000000
000000 000000
000000 000000
000000 000000
000000 000000
000000 000000
000000 000000
000000 000000
000000 000000
000000 000000
000000 000000
000000 000000
000000 000000
000000 000000
000000 000000
000000 000000
000000 000000
000000 000000
000000 000000
000000 000000
000000 000000
000000 000000
000000 000000
000000 000000
000000 000000
000000 3FFFFF
000000 000000
000001 000000
000000 000000
000000 000001
000000 000000
000000 000000
000000 000000
3FFFFF 000000
000000 3FFFFF
000000 000000
000000 3FFFFF
3FFFFF 000000
000000 000000
000000 000000
000000 000001
000000 000000
000000 000000
000001 000000
000000 000000
000000 000000
000000 000000
000000 000000
000000 000000
000000 000000
000000 000000
000000 000000
000000 000000
000000 000000
000000 000000
000000 000000
000000 000000
000000 000000
000000 000000
000000 000000
000000 000000
000000 000000
000000 000000
000000 000000
000000 000000
000000 000000
000000 000000
000000 000000
000000 000000
000000 000000
000000 000000
000000 000000
000000 000000
000000 000000
000000 000000
000000 000000
000000 000000
000000 000000
000000 000000
000000 000000
000000 000000
000000 000000
000000 000000
000000 000000
000000 000000
000000 000000
3FFFFD 000000
000000 3FFFFD
000000 000000
000003 000000
000000 000003
000000 000003
3FFFFD 000000
3FFFFD 000000
000000 3FFFFD
000000 3FFFFD
000003 000000
000003 000000
000000 000000
000000 000003
000000 000003
000000 000000
3FFFFD 000000
3FFFFD 000000
3FFFFD 000000
000000 000000
000000 000000
000000 000000
3FFFFD 000000
3FFFFB 000000
3FFFF8 3FFFFB
3FFFFD 3FFFED
000010 3FFFEB
000023 3FFFFD
000018 00001B
3FFFF8 000020
3FFFE8 00000B
3FFFF0 3FFFF5
000003 3FFFF5
000005 000000
000000 000003
000000 000000
000003 000000
000000 000003
3FFFFD 000000
000000 3FFFFD
000003 000000
000000 000003
000000 000000
000000 000000
000000 3FFFFD
000003 000000
000000 000003
3FFFFD 000000
3FFFFD 000000
000000 3FFFFD
000003 000000
000003 000000
000000 000003
000000 000000
3FFFFD 000000
000000 000000
000000 3FFFFD
000000 000000
000000 000000
000000 000000
000000 000000
000000 000000
000000 000000
000000 000000
000000 000000
000000 000000
000000 000000
000000 000000
000000 000000
000000 000000
000000 000000
000000 000000
000000 000000
000000 000000
000000 000000
000000 000000
000000 000000
000000 000000
000000 000000
000000 000000
000000 000000
000000 000000
000000 000000
000000 000000
000000 000000
000000 000000
000000 000000
000000 000000
000000 000000
000000 000000
000000 000000
000000 000000
000000 000000
000000 000000
000000 000000
000000 000000
000000 000000
000000 000000
000000 000000
000000 000000
000000 000000
000000 000000
000000 000000
000000 000000
000000 000000
000000 000000
000000 000000
000000 000000
000000 000000
000000 000000
000000 000000
000000 000000
000000 000000
000000 000000
000000 000000
000000 000000
000000 000000
000000 000000
000000 000000
000000 000000
000000 000000
000000 000000
000000 000000
000000 000000
000000 000000
000000 000000
000000 000000
000000 000000
000000 000000
000000 000000
000000 000000
000000 000000
000000 000000
000000 000000
000001 000000
000000 000000
000000 000000
000000 000000
000000 000000
000000 000000
000000 000000
000000 000000
000000 000000
3FFFFF 000000
000000 3FFFFF
000000 000001
000000 000000
000000 000000
000001 000000
000000 000000
000000 000000
000000 000000
000000 000000
000000 000000
000000 000000
000000 000000
000000 000000
000000 000000
000000 000000
000000 000000
000000 000000
000000 000000
000000 000000
000000 000000
000000 000000
000000 000000
000000 000000
000000 000000
000000 000000
000000 000000
000000 000000
000000 000000
000000 000000
000000 000000
000000 000000
000000 000000
000000 000000
000000 000000
000000 000000
000000 000000
000000 000000
000000 000000
000000 000000
000000 000000
000000 000000
000000 000000
000000 000000
000000 000000
000000 000000
000000 000000
000000 000000
000000 000000
000000 000000
000000 3FFFFD
000000 000000
000003 000000
000000 000003
000000 000003
3FFFFD 000000
3FFFFD 000000
000000 3FFFFD
000000 3FFFFD
000003 000000
000003 000000
000000 000000
000000 000003
000000 000003
000000 000000
3FFFFD 000000
3FFFFD 000000
3FFFFD 000000
000000 000000
000000 000000
000000 000000
3FFFFD 000000
3FFFFB 000000
3FFFF8 3FFFF8
3FFFFD 3FFFED
000013 3FFFEB
000020 000000
000015 00001D
3FFFF8 000020
3FFFE5 000008
3FFFF3 3FFFF3
000003 3FFFF5
000005 000000
000000 000003
000000 000000
000003 000000
000000 000003
3FFFFD 000000
000000 3FFFFD
000003 000000
000000 000003
000000 000000
000000 000000
000000 3FFFFD
000003 000000
000000 000003
3FFFFD 000000
3FFFFD 000000
000000 3FFFFD
000003 000000
000003 000000
000000 000003
000000 000000
3FFFFD 000000
000000 000000
000000 3FFFFD
000000 000000
000000 000000
000000 000000
000000 000000
000000 000000
000000 000000
000000 000000
000000 000000
000000 000000
000000 000000
000000 000000
000000 000000
000000 000000
000000 000000
000000 000000
000000 000000
000000 000000
000000 000000
000000 000000
000000 000000
000000 000000
000000 000000
000000 000000
000000 000000
000000 000000
000000 000000
000000 000000
000000 000000
000000 000000
000000 000000
000000 000000
000000 000000
000000 000000
000000 000000
000000 000000
000000 000000
000000 000000
000000 000000
000000 000000
000000 000000
000000 000000
000000 000000
000000 000000
000000 000000
000000 000000
000000 000000
000000 000000
000000 000000
000000 000000
000000 000000
000000 000000
000000 000000
000000 000000
000000 000000
000000 000000
000000 000000
000000 000000
000000 000000
000000 000000
000000 000000
000000 000000
000000 000000
000000 000000
000000 000000
000000 000000
000000 000000
000000 000000
000000 000000
000000 000000
000000 000000
000000 000000
000000 000000
000000 000000
000000 000000
000000 000001
000000 000000
000001 000000
000000 000000
000000 000000
000000 000001
000000 000000
000000 000000
000000 3FFFFF
3FFFFF 3FFFFF
000000 000000
000000 3FFFFF
000000 3FFFFF
000000 000000
000000 000000
000000 000000
000000 000000
000000 000000
000000 000000
000000 000000
000000 000000
000000 000000
000000 000000
000000 000000
000000 000000
000000 000000
000000 000000
000000 000000
000000 000000
000000 000000
000000 000000
000000 000000
000000 000000
000000 000000
000000 000000
000000 000000
000000 000000
000000 000000
000000 000000
000000 000000
000000 000000
000000 000000
000000 000000
000000 000000
000000 000000
000000 000000
000000 000000
000000 000000
000000 000000
000000 000000
000000 000000
000000 000000
000000 000000
000000 000000
000000 000000
000000 000000
000000 000000
000000 000000
000000 000000
000000 000000
000000 000000
000000 000000
000000 3FFFFD
000000 000000
000003 000000
000000 000003
000000 000003
3FFFFD 000000
3FFFFD 000000
000000 3FFFFD
000000 3FFFFD
000003 000000
000003 000000
000000 000003
000000 000003
000000 000003
000000 000000
3FFFFD 000000
3FFFFD 000000
3FFFFD 000000
000000 000000
000000 000000
000000 000000
3FFFFD 000000
3FFFFB 000000
3FFFF8 3FFFF8
000000 3FFFED
000013 3FFFED
000020 000003
000015 00001D
3FFFF5 000020
3FFFE5 000008
3FFFF3 3FFFF3
000003 3FFFF5
000005 000000
000000 000003
000000 000000
000003 000000
000000 000003
3FFFFD 000000
000000 3FFFFD
000003 000000
000000 000003
3FFFFD 000000
000000 000000
000000 3FFFFD
000003 000000
000000 000003
3FFFFD 000000
3FFFFD 000000
000000 3FFFFD
000003 000000
000003 000000
000000 000003
000000 000000
3FFFFD 000000
000000 000000
000000 3FFFFD
000000 000000
000000 000000
000000 000000
000000 000000
000000 000000
000000 000000
000000 000000
000000 000000
000000 000000
000000 000000
000000 000000
000000 000000
000000 000000
000000 000000
000000 000000
000000 000000
000000 000000
000000 000000
000000 000000
000000 000000
000000 000000
000000 000000
000000 000000
000000 000000
000000 000000
000000 000000
000000 000000
000000 000000
000000 000000
000000 000000
000000 000000
000000 000000
000000 000000
000000 000000
000000 000000
000000 000000
000000 000000
000000 000000
000000 000000
000000 000000
000000 000000
000000 000000
000000 000000
000000 000000
000000 000000
000000 000000
000000 000000
000000 000000
000000 000000
000000 000000
000000 000000
000000 000000
000000 000000
000000 000000
000000 000000
000000 000000
000000 000000
000000 000000
000000 000000
000000 000000
000000 000000
000000 000000
000000 000000
000000 000000
000000 000000
000000 000000
000000 000000
000000 000000
000000 000000
000000 000000
000000 000000
000000 000000
000000 000000
000000 000000
000001 000000
000000 000000
000000 000000
000000 000000
000000 3FFFFF
000001 000000
000001 000001
000001 3FFFFF
3FFFFF 000000
000000 000000
000000 000000
000000 000000
000000 000000
000000 000000
000000 000000
000000 000000
000000 000000
000000 000000
000000 000000
000000 000000
000000 000000
000000 000000
000000 000000
000000 000000
000000 000000
000000 000000
000000 000000
000000 000000
000000 000000
000000 000000
000000 000000
000000 000000
000000 000000
000000 000000
000000 000000
000000 000000
000000 000000
000000 000000
000000 000000
000000 000000
000000 000000
000000 000000
000000 000000
000000 000000
000000 000000
000000 000000
000000 000000
000000 000000
000000 000000
000000 000000
000000 000000
000000 000000
000000 000000
000000 000000
000000 000000
000000 000000
000000 000000
000000 000000
000000 000000
000000 000000
000000 000000
000000 000000
000000 3FFFFD
000000 000000
000003 000000
000000 000003
000000 000003
3FFFFD 000000
3FFFFD 000000
000000 3FFFFD
000000 3FFFFD
000003 000000
000003 000000
000000 000003
000000 000003
000000 000003
000000 000000
3FFFFD 000000
3FFFFD 000000
3FFFFD 000000
000000 000000
000000 000000
000000 000000
3FFFFD 000000
3FFFFB 000000
3FFFF8 3FFFF8
000000 3FFFED
000013 3FFFED
000020 000003
000013 00001D
3FFFF3 00001D
3FFFE5 000005
3FFFF3 3FFFF3
000003 3FFFF5
000005 000000
000000 000003
000000 000000
000003 000000
000000 000003
3FFFFD 000000
000000 3FFFFD
000003 000000
000000 000003
3FFFFD 000000
000000 000000
000000 3FFFFD
000003 000000
000000 000003
3FFFFD 000000
3FFFFD 000000
000000 3FFFFD
000003 000000
000003 000000
000000 000003
000000 000000
3FFFFD 000000
000000 000000
000000 000000
000000 000000
000000 000000
000000 000000
000000 000000
000000 000000
000000 000000
000000 000000
000000 000000
000000 000000
000000 000000
000000 000000
000000 000000
000000 000000
000000 000000
000000 000000
000000 000000
000000 000000
000000 000000
000000 000000
000000 000000
000000 000000
000000 000000
000000 000000
000000 000000
000000 000000
000000 000000
000000 000000
000000 000000
000000 000000
000000 000000
000000 000000
000000 000000
000000 000000
000000 000000
000000 000000
000000 000000
000000 000000
000000 000000
000000 000000
000000 000000
000000 000000
000000 000000
000000 000000
000000 000000
000000 000000
000000 000000
000000 000000
000000 000000
000000 000000
000000 000000
000000 000000
000000 000000
000000 000000
000000 000000
000000 000000
000000 000000
000000 000000
000000 000000
000000 000000
000000 000000
000000 000000
000000 000000
000000 000000
000000 000000
000000 000000
000000 000000
000000 000000
000000 000000
000000 000000
000000 000000
000000 000000
000000 000000
000000 000000
000000 000000
000000 000000
000000 000000
000000 000000
000000 000000
000000 000000
000000 000000
000000 000000
000000 000000
000000 000000
000000 000000
000000 000000
000000 000000
000000 000000
000000 000000
000000 000000
000000 000000
000000 000000
000000 000000
000000 000000
000000 000000
000000 000000
000000 000000
000000 000000
000000 000000
000000 000000
000000 000000
000000 000000
000000 000000
000000 000000
000000 000000
000000 000000
000000 000000
000000 000000
000000 000000
000000 000000
000000 000000
000000 000000
000000 000000
000000 000000
000000 000000
000000 000000
000000 000000
000000 000000
000000 000000
000000 000000
000000 000000
000000 000000
000000 000000
000000 000000
000000 000000
000000 000000
000000 000000
000000 000000
000000 000000
000000 000000
000000 000000
000000 000000
000000 000000
000000 000000
000000 000000
000000 000000
000000 000000
000000 3FFFFD
000000 000000
000003 000000
000000 000003
000000 000003
3FFFFD 000000
3FFFFD 000000
000000 3FFFFD
000000 3FFFFD
000003 000000
000003 000000
000000 000003
000000 000003
000000 000003
000000 000000
3FFFFD 000000
3FFFFD 000000
3FFFFD 000000
000000 000000
000000 000000
000000 000000
3FFFFD 000000
3FFFFB 000000
3FFFF8 3FFFF8
000000 3FFFED
000015 3FFFF0
000020 000005
000010 00001D
3FFFF3 00001D
3FFFE5 000005
3FFFF3 3FFFF3
000003 3FFFF5
000005 000000
000000 000003
000000 000000
000003 000000
000000 000003
3FFFFD 000000
000000 3FFFFD
000003 000000
000000 000003
3FFFFD 000000
000000 000000
000000 000000
000003 000000
000000 000003
3FFFFD 000000
3FFFFD 000000
000000 3FFFFD
000003 000000
000003 000000
000000 000003
000000 000000
3FFFFD 000000
000000 000000
000000 000000
000000 000000
000000 000000
000000 000000
000000 000000
000000 000000
000000 000000
000000 000000
000000 000000
000000 000000
000000 000000
000000 000000
000000 000000
000000 000000
000000 000000
000000 000000
000000 000000
000000 000000
000000 000000
000000 000000
000000 000000
000000 000000
000000 000000
000000 000000
000000 000000
000000 000000
000000 000000
000000 000000
000000 000000
000000 000000
000000 000000
000000 000000
000000 000000
000000 000000
000000 000000
000000 000000
000000 000000
000000 000000
000000 000000
000000 000000
000000 000000
000000 000000
000000 000000
000000 000000
000000 000000
000000 000000
000000 000000
000000 000000
000000 000000
000000 000000
000000 000000
000000 000000
000000 000000
000000 000000
000000 000000
000000 000000
000000 000000
000000 000000
000000 000000
000000 000000
000000 000000
000000 000000
000000 000000
000000 000000
000000 000000
000000 000000
000000 000000
000000 000000
000000 000000
000000 000000
000000 000000
000000 000000
000000 000000
000000 000000
000001 000000
000000 000000
3FFFFF 000001
000000 000000
000000 000000
3FFFFF 3FFFFF
3FFFFF 000000
000000 000000
3FFFFF 000000
000000 000000
000000 000000
000001 000000
000000 000000
000000 000000
000000 000000
000000 000000
000000 000000
000000 000000
000000 000000
000000 000000
000000 000000
000000 000000
000000 000000
000000 000000
000000 000000
000000 000000
000000 000000
000000 000000
000000 000000
000000 000000
000000 000000
000000 000000
000000 000000
000000 000000
000000 000000
000000 000000
000000 000000
000000 000000
000000 000000
000000 000000
000000 000000
000000 000000
000000 000000
000000 000000
000000 000000
000000 000000
000000 000000
000000 000000
000000 000000
000000 000000
000000 000000
000000 000000
000000 000000
000000 000000
000000 000000
000000 000000
000000 000000
000000 000000
000000 000000
000000 000000
000000 000000
000000 000000
000000 000000
000000 3FFFFD
000000 000000
000003 000000
000000 000003
000000 000003
3FFFFD 000000
3FFFFD 000000
000000 3FFFFD
000000 3FFFFD
000003 000000
000003 000000
000000 000003
000000 000003
000000 000003
000000 000000
3FFFFD 000000
3FFFFD 000000
000000 000000
000000 000000
000000 000000
000000 000000
3FFFFD 000000
3FFFFB 000000
3FFFF8 3FFFF8
000003 3FFFED
000015 3FFFF0
000020 000005
000010 000020
3FFFF0 00001D
3FFFE5 000003
3FFFF5 3FFFF3
000005 3FFFF5
000005 000000
000000 000003
000000 000000
000003 000000
000000 000003
3FFFFD 000000
000000 3FFFFD
000003 000000
000000 000003
3FFFFD 000000
000000 3FFFFD
000000 000000
000003 000000
000000 000003
3FFFFD 000000
3FFFFD 000000
000000 3FFFFD
000003 000000
000003 000000
000000 000003
000000 000000
3FFFFD 000000
000000 000000
000000 000000
000000 000000
000000 000000
000000 000000
000000 000000
000000 000000
000000 000000
000000 000000
000000 000000
000000 000000
000000 000000
000000 000000
000000 000000
000000 000000
000000 000000
000000 000000
000000 000000
000000 000000
000000 000000
000000 000000
000000 000000
000000 000000
000000 000000
000000 000000
000000 000000
000000 000000
000000 000000
000000 000000
000000 000000
000000 000000
000000 000000
000000 000000
000000 000000
000000 000000
000000 000000
000000 000000
000000 000000
000000 000000
000000 000000
000000 000000
000000 000000
000000 000000
000000 000000
000000 000000
000000 000000
000000 000000
000000 000000
000000 000000
000000 000000
000000 000000
000000 000000
000000 000000
000000 000000
000000 000000
000000 000000
000000 000000
000000 000000
000000 000000
000000 000000
000000 000000
000000 000000
000000 000000
000000 000000
000000 000000
000000 000000
000000 000000
000000 000000
000000 000000
000000 000000
000000 000000
000000 000000
000000 000000
000000 000000
000000 000000
000001 000000
000000 000001
3FFFFF 000000
000000 000000
000000 000000
000000 000000
000000 000000
000000 000000
000000 000000
000000 3FFFFF
000000 000000
000000 000001
000000 000000
000000 000000
000000 3FFFFF
000000 000000
000000 000000
3FFFFF 000000
000000 000000
000000 000000
000000 000000
000000 000000
000000 000000
000000 000000
000000 000000
000000 000000
000000 000000
000000 000000
000000 000000
000000 000000
000000 000000
000000 000000
000000 000000
000000 000000
000000 000000
000000 000000
000000 000000
000000 000000
000000 000000
000000 000000
000000 000000
000000 000000
000000 000000
000000 000000
000000 000000
000000 000000
000000 000000
000000 000000
000000 000000
000000 000000
000000 000000
000000 000000
000000 000000
000000 000000
000000 000000
000000 000000
000000 000000
000000 000000
000000 000000
000000 000000
000000 000000
000000 000000
000000 000000
000000 3FFFFD
000000 000000
000003 000000
000000 000003
000000 000003
3FFFFD 000000
3FFFFD 000000
000000 3FFFFD
000000 3FFFFD
000003 000000
000003 000000
000000 000003
000000 000003
000000 000003
000000 000000
3FFFFD 000000
3FFFFD 000000
000000 000000
000000 000000
000000 000000
000000 000000
3FFFFD 000000
3FFFFB 3FFFFD
3FFFFB 3FFFF8
000003 3FFFED
000015 3FFFF0
000020 000008
00000D 000020
3FFFF0 00001D
3FFFE5 000003
3FFFF5 3FFFF0
000005 3FFFF5
000005 000000
000000 000003
000000 000000
000003 000000
000000 000003
3FFFFD 000000
000000 3FFFFD
000003 000000
000000 000003
3FFFFD 000000
000000 3FFFFD
000000 000000
000003 000000
000000 000003
3FFFFD 000000
3FFFFD 000000
000000 3FFFFD
000003 000000
000003 000000
000000 000003
000000 000000
3FFFFD 000000
000000 000000
000000 000000
000000 000000
000000 000000
000000 000000
000000 000000
000000 000000
000000 000000
000000 000000
000000 000000
000000 000000
000000 000000
000000 000000
000000 000000
000000 000000
000000 000000
000000 000000
000000 000000
000000 000000
000000 000000
000000 000000
000000 000000
000000 000000
000000 000000
000000 000000
000000 000000
000000 000000
000000 000000
000000 000000
000000 000000
000000 000000
000000 000000
000000 000000
000000 000000
000000 000000
000000 000000
000000 000000
000000 000000
000000 000000
000000 000000
000000 000000
000000 000000
000000 000000
000000 000000
000000 000000
000000 000000
000000 000000
000000 000000
000000 000000
000000 000000
000000 000000
000000 000000
000000 000000
000000 000000
000000 000000
000000 000000
000000 000000
000000 000000
000000 000000
000000 000000
000000 000000
000000 000000
000000 000000
000000 000000
000000 000000
000000 000000
000000 000000
000000 000000
000000 000000
000000 000000
000000 000000
000000 000000
000000 000000
000000 000000
000000 000000
000000 000000
000001 000000
000000 000000
3FFFFF 3FFFFF
000000 000001
000000 000001
000000 000000
000000 000000
000000 000000
000000 3FFFFF
000000 000001
000000 000000
000000 000000
3FFFFF 000000
000000 000001
000000 000000
000000 000000
000000 000000
000000 000001
000000 000000
000000 000000
000000 000000
000000 000000
000000 000000
000000 000000
000000 000000
000000 000000
000000 000000
000000 000000
000000 000000
000000 000000
000000 000000
000000 000000
000000 000000
000000 000000
000000 000000
000000 000000
000000 000000
000000 000000
000000 000000
000000 000000
000000 000000
000000 000000
000000 000000
000000 000000
000000 000000
000000 000000
000000 000000
000000 000000
000000 000000
000000 000000
000000 000000
000000 000000
000000 000000
000000 000000
000000 000000
000000 000000
000000 000000
000000 000000
000000 000000
000000 000000
000000 000000
000000 000000
000000 3FFFFD
000000 000000
000003 000000
000000 000003
000000 000003
3FFFFD 000000
000000 000000
000000 3FFFFD
000000 3FFFFD
000003 000000
000003 000000
000000 000003
000000 000003
000000 000000
3FFFFD 000000
3FFFFD 000000
3FFFFD 000000
000000 000000
000000 000000
000000 000000
000000 000000
3FFFFD 000000
3FFFFB 3FFFFD
3FFFFB 3FFFF8
000003 3FFFED
000015 3FFFF3
000020 00000B
00000D 000020
3FFFED 00001B
3FFFE5 000000
3FFFF5 3FFFF0
000005 3FFFF5
000005 000000
000000 000003
000000 000000
000003 000000
000000 000003
3FFFFD 000000
000000 3FFFFD
000003 000000
000000 000003
3FFFFD 000000
000000 3FFFFD
000000 000000
000003 000000
000000 000003
3FFFFD 000000
000000 000000
000000 3FFFFD
000003 000000
000000 000000
000000 000003
000000 000000
3FFFFD 000000
000000 000000
000000 000000
000000 000000
000000 000000
000000 000000
000000 000000
000000 000000
000000 000000
000000 000000
000000 000000
000000 000000
000000 000000
000000 000000
000000 000000
000000 000000
000000 000000
000000 000000
000000 000000
000000 000000
000000 000000
000000 000000
000000 000000
000000 000000
000000 000000
000000 000000
000000 000000
000000 000000
000000 000000
000000 000000
000000 000000
000000 000000
000000 000000
000000 000000
000000 000000
000000 000000
000000 000000
000000 000000
000000 000000
000000 000000
000000 000000
000000 000000
000000 000000
000000 000000
000000 000000
000000 000000
000000 000000
000000 000000
000000 000000
000000 000000
000000 000000
000000 000000
000000 000000
000000 000000
000000 000000
000000 000000
000000 000000
000000 000000
000000 000000
000000 000000
000000 000000
000000 000000
000000 000000
000000 000000
000000 000000
000000 000000
000000 000000
000000 000000
000000 000000
000000 000000
000000 000000
000000 000000
000000 000000
000000 000000
000000 000000
000000 000000
000000 000000
000000 3FFFFF
000000 000000
000000 000000
000000 000000
000000 000000
000000 000000
3FFFFF 000000
3FFFFF 000000
000000 000000
000000 000000
000000 000001
000000 000000
000000 3FFFFF
000000 000000
000000 3FFFFF
000000 000000
000000 000000
000000 000000
000000 000001
000000 000000
000000 000000
000000 000000
000000 000000
000000 000000
000000 000000
000000 000000
000000 000000
000000 000000
000000 000000
000000 000000
000000 000000
000000 000000
000000 000000
000000 000000
000000 000000
000000 000000
000000 000000
000000 000000
000000 000000
000000 000000
000000 000000
000000 000000
000000 000000
000000 000000
000000 000000
000000 000000
000000 000000
000000 000000
000000 000000
000000 000000
000000 000000
000000 000000
000000 000000
000000 000000
000000 000000
000000 000000
000000 000000
000000 000000
000000 000000
000000 000000
000000 000000
000000 000000
000000 3FFFFD
000000 000000
000003 000000
000000 000003
000000 000000
3FFFFD 000000
000000 000000
000000 3FFFFD
000003 000000
000003 000000
000003 000000
000000 000003
000000 000003
000000 000000
3FFFFD 000000
3FFFFD 000000
3FFFFD 000000
000000 000000
000000 000000
000000 000000
000000 000000
3FFFFD 000000
3FFFFB 3FFFFD
3FFFFB 3FFFF5
000005 3FFFED
000018 3FFFF3
000020 00000B
00000B 000023
3FFFED 00001B
3FFFE5 000000
3FFFF8 3FFFF0
000005 3FFFF8
000005 000000
000000 000003
000000 000000
000003 000000
000000 000003
3FFFFD 000000
000000 3FFFFD
000003 000000
000000 000003
3FFFFD 000000
000000 3FFFFD
000003 000000
000003 000000
000000 000003
3FFFFD 000000
000000 3FFFFD
000000 3FFFFD
000003 000000
000000 000000
000000 000003
3FFFFD 000000
3FFFFD 000000
000000 000000
000000 000000
000000 000000
000000 000000
000000 000000
000000 000000
000000 000000
000000 000000
000000 000000
000000 000000
000000 000000
000000 000000
000000 000000
000000 000000
000000 000000
000000 000000
000000 000000
000000 000000
000000 000000
000000 000000
000000 000000
000000 000000
000000 000000
000000 000000
000000 000000
000000 000000
000000 000000
000000 000000
000000 000000
000000 000000
000000 000000
000000 000000
000000 000000
000000 000000
000000 000000
000000 000000
000000 000000
000000 000000
000000 000000
000000 000000
000000 000000
000000 000000
000000 000000
000000 000000
000000 000000
000000 000000
000000 000000
000000 000000
000000 000000
000000 000000
000000 000000
000000 000000
000000 000000
000000 000000
000000 000000
000000 000000
000000 000000
000000 000000
000000 000000
000000 000000
000000 000000
000000 000000
000000 000000
000000 000000
000000 000000
000000 000000
000000 000000
000000 000000
000000 000000
000000 000000
000000 000000
000000 000000
000000 000000
000000 000000
000000 000000
000000 000000
000000 000000
000000 000000
000000 000000
3FFFFF 000000
000000 000000
3FFFFF 000000
000000 000000
000000 000000
000000 000000
000000 000000
000000 000000
000000 000001
000000 000000
000000 000000
000000 000001
000000 000000
000000 000000
000000 000000
000000 000000
000000 000000
000000 000000
000000 000000
000000 000000
000000 000000
000000 000000
000000 000000
000000 000000
000000 000000
000000 000000
000000 000000
000000 000000
000000 000000
000000 000000
000000 000000
000000 000000
000000 000000
000000 000000
000000 000000
000000 000000
000000 000000
000000 000000
000000 000000
000000 000000
000000 000000
000000 000000
000000 000000
000000 000000
000000 000000
000000 000000
000000 000000
000000 000000
000000 000000
000000 000000
000000 000000
000000 000000
000000 000000
000000 000000
000000 000000
000000 000000
000000 000000
000000 000000
000000 000000
000000 3FFFFD
000003 000000
000003 000000
000000 000003
000000 000000
3FFFFD 000000
000000 3FFFFD
000000 3FFFFD
000003 000000
000003 000000
000003 000000
000000 000003
000000 000003
000000 000000
3FFFFD 000000
3FFFFD 000000
3FFFFD 000000
000000 000000
000000 000000
000000 000000
000000 000000
3FFFFD 000000
3FFFFB 3FFFFD
3FFFFB 3FFFF5
000005 3FFFED
000018 3FFFF3
000020 00000D
00000B 000023
3FFFEB 00001B
3FFFE5 3FFFFD
3FFFF8 3FFFF0
000005 3FFFF8
000005 000000
000000 000000
000000 000000
000003 000000
000000 000003
3FFFFD 000000
000000 3FFFFD
000003 000000
000000 000003
3FFFFD 000000
000000 3FFFFD
000003 000000
000003 000000
000000 000003
3FFFFD 000000
000000 3FFFFD
000000 3FFFFD
000003 000000
000000 000000
000000 000003
3FFFFD 000000
3FFFFD 000000
000000 3FFFFD
000000 000000
000000 000000
000000 000000
000000 000000
000000 000000
000000 000000
000000 000000
000000 000000
000000 000000
000000 000000
000000 000000
000000 000000
000000 000000
000000 000000
000000 000000
000000 000000
000000 000000
000000 000000
000000 000000
000000 000000
000000 000000
000000 000000
000000 000000
000000 000000
000000 000000
000000 000000
000000 000000
000000 000000
000000 000000
000000 000000
000000 000000
000000 000000
000000 000000
000000 000000
000000 000000
000000 000000
000000 000000
000000 000000
000000 000000
000000 000000
000000 000000
000000 000000
000000 000000
000000 000000
000000 000000
000000 000000
000000 000000
000000 000000
000000 000000
000000 000000
000000 000000
000000 000000
000000 000000
000000 000000
000000 000000
000000 000000
000000 000000
000000 000000
000000 000000
000000 000000
000000 000000
000000 000000
000000 000000
000000 000000
000000 000000
000000 000000
000000 000000
000000 000000
000000 000000
000000 000000
000000 000000
000000 000000
000000 000000
000000 000000
000000 000000
000000 000000
000000 000000
3FFFFF 000000
000000 000001
000000 000000
000000 3FFFFF
000000 000000
000000 000000
000000 000001
000000 000000
000000 000000
000000 000000
000000 3FFFFF
000000 000000
000001 000000
000001 000000
000000 000000
000000 000000
000000 000000
000000 000000
000000 000000
000000 000000
000000 000000
000000 000000
000000 000000
000000 000000
000000 000000
000000 000000
000000 000000
000000 000000
000000 000000
000000 000000
000000 000000
000000 000000
000000 000000
000000 000000
000000 000000
000000 000000
000000 000000
000000 000000
000000 000000
000000 000000
000000 000000
000000 000000
000000 000000
000000 000000
000000 000000
000000 000000
000000 000000
000000 000000
000000 000000
000000 000000
000000 000000
000000 000000
000000 000000
000000 000000
000000 000000
000000 000000
000000 000000
000000 000000
000000 000000
000000 000000
000000 3FFFFD
000003 000000
000003 000000
000000 000003
000000 000000
3FFFFD 000000
000000 3FFFFD
000000 3FFFFD
000003 000000
000003 000000
000003 000000
000000 000003
000000 000003
000000 000000
3FFFFD 000000
3FFFFD 000000
3FFFFD 000000
000000 000000
000000 000000
000000 3FFFFD
000000 000000
3FFFFD 000000
3FFFFB 3FFFFD
3FFFFB 3FFFF5
000005 3FFFED
000018 3FFFF5
00001D 000010
000008 000023
3FFFEB 00001B
3FFFE5 3FFFFD
3FFFF8 3FFFED
000008 3FFFF8
000005 000003
000000 000000
000000 000000
000003 000000
000000 000003
3FFFFD 000000
000000 3FFFFD
000003 000000
000000 000003
3FFFFD 000000
000000 3FFFFD
000003 000000
000003 000000
000000 000003
3FFFFD 000000
000000 3FFFFD
000000 3FFFFD
000003 000000
000000 000000
000000 000003
3FFFFD 000000
3FFFFD 000000
000000 3FFFFD
000000 000000
000000 000000
000000 000000
000000 000000
000000 000000
000000 000000
000000 000000
000000 000000
000000 000000
000000 000000
000000 000000
000000 000000
000000 000000
000000 000000
000000 000000
000000 000000
000000 000000
000000 000000
000000 000000
000000 000000
000000 000000
000000 000000
000000 000000
000000 000000
000000 000000
000000 000000
000000 000000
000000 000000
000000 000000
000000 000000
000000 000000
000000 000000
000000 000000
000000 000000
000000 000000
000000 000000
000000 000000
000000 000000
000000 000000
000000 000000
000000 000000
000000 000000
000000 000000
000000 000000
000000 000000
000000 000000
000000 000000
000000 000000
000000 000000
000000 000000
000000 000000
000000 000000
000000 000000
000000 000000
000000 000000
000000 000000
000000 000000
000000 000000
000000 000000
000000 000000
000000 000000
000000 000000
000000 000000
000000 000000
000000 000000
000000 000000
000000 000000
000000 000000
000000 000000
000000 000000
000000 000000
000000 000000
000000 000000
000000 000000
000000 000000
000000 000000
000001 000000
000001 000000
000000 000000
000000 3FFFFF
000000 000000
000000 000000
000000 000000
000000 000000
000000 000000
000000 000000
000000 000000
000000 000000
000000 000000
000000 000000
000000 000001
000000 000000
000000 000000
000000 000000
000000 000000
000000 000000
000000 000000
000000 000000
000000 000000
000000 000000
000000 000000
000000 000000
000000 000000
000000 000000
000000 000000
000000 000000
000000 000000
000000 000000
000000 000000
000000 000000
000000 000000
000000 000000
000000 000000
000000 000000
000000 000000
000000 000000
000000 000000
000000 000000
000000 000000
000000 000000
000000 000000
000000 000000
000000 000000
000000 000000
000000 000000
000000 000000
000000 000000
000000 000000
000000 000000
000000 000000
000000 000000
000000 000000
000000 000000
000000 000000
000000 000000
000000 000000
000000 000000
000000 3FFFFD
000003 000000
000003 000000
000000 000003
000000 000000
3FFFFD 000000
000000 3FFFFD
000000 3FFFFD
000003 000000
000003 000000
000003 000000
000000 000003
000000 000003
000000 000000
3FFFFD 000000
3FFFFD 000000
3FFFFD 000000
000000 000000
000000 3FFFFD
000000 3FFFFD
000000 000000
3FFFFD 000000
3FFFFB 3FFFFD
3FFFFB 3FFFF5
000008 3FFFED
00001B 3FFFF5
00001D 000010
000005 000025
3FFFE8 000018
3FFFE5 3FFFFB
3FFFF8 3FFFED
000008 3FFFF8
000005 000003
000000 000000
000000 000000
000003 000000
000000 000003
3FFFFD 000000
000000 3FFFFD
000003 000000
000000 000003
3FFFFD 000000
000000 3FFFFD
000003 000000
000003 000000
000000 000003
3FFFFD 000000
000000 3FFFFD
000000 3FFFFD
000003 000000
000000 000003
000000 000003
3FFFFD 000000
3FFFFD 000000
000000 3FFFFD
000000 000000
000000 000000
000000 000000
000000 000000
000000 000000
000000 000000
000000 000000
000000 000000
000000 000000
000000 000000
000000 000000
000000 000000
000000 000000
000000 000000
000000 000000
000000 000000
000000 000000
000000 000000
000000 000000
000000 000000
000000 000000
000000 000000
000000 000000
000000 000000
000000 000000
000000 000000
000000 000000
000000 000000
000000 000000
000000 000000
000000 000000
000000 000000
000000 000000
000000 000000
000000 000000
000000 000000
000000 000000
000000 000000
000000 000000
000000 000000
000000 000000
000000 000000
000000 000000
000000 000000
000000 000000
000000 000000
000000 000000
000000 000000
000000 000000
000000 000000
000000 000000
000000 000000
000000 000000
000000 000000
000000 000000
000000 000000
000000 000000
000000 000000
000000 000000
000000 000000
000000 000000
000000 000000
000000 000000
000000 000000
000000 000000
000000 000000
000000 000000
000000 000000
000000 000000
000000 000000
000000 000000
000000 000000
000000 000000
000000 000000
000000 000000
3FFFFF 000000
000000 000001
000001 000000
000000 000000
3FFFFF 000000
000000 000000
000001 000000
000000 000000
000000 000000
000000 000001
000001 000000
3FFFFF 000000
000000 000000
000000 000000
000000 000000
000000 000000
3FFFFF 000000
3FFFFF 000000
000000 000000
000000 000000
000000 000000
000000 000000
000000 000000
000000 000000
000000 000000
000000 000000
000000 000000
000000 000000
000000 000000
000000 000000
000000 000000
000000 000000
000000 000000
000000 000000
000000 000000
000000 000000
000000 000000
000000 000000
000000 000000
000000 000000
000000 000000
000000 000000
000000 000000
000000 000000
000000 000000
000000 000000
000000 000000
000000 000000
000000 000000
000000 000000
000000 000000
000000 000000
000000 000000
000000 000000
000000 000000
000000 000000
000000 000000
000000 000000
000000 000000
000000 000000
000000 000000
000000 000000
000000 3FFFFD
000003 000000
000003 000000
000000 000003
3FFFFD 000000
3FFFFD 000000
000000 3FFFFD
000000 3FFFFD
000003 000000
000003 000000
000000 000003
000000 000003
000000 000003
000000 000000
3FFFFD 000000
3FFFFD 000000
3FFFFD 000000
000000 000000
000000 3FFFFD
000000 3FFFFD
000000 000000
3FFFFD 000000
3FFFFB 3FFFFD
3FFFFD 3FFFF5
000008 3FFFED
00001B 3FFFF8
00001D 000013
000005 000025
3FFFE5 000018
3FFFE5 3FFFFB
3FFFFB 3FFFED
000008 3FFFF8
000005 000003
000000 000000
000000 000000
000003 000000
000000 000003
3FFFFD 000000
000000 3FFFFD
000003 000000
000000 000003
3FFFFD 000000
000000 3FFFFD
000003 000000
000003 000000
000000 000003
3FFFFD 000000
000000 3FFFFD
000000 3FFFFD
000003 000000
000000 000003
000000 000003
3FFFFD 000000
3FFFFD 000000
000000 3FFFFD
000000 000000
000000 000000
000000 000000
000000 000000
000000 000000
000000 000000
000000 000000
000000 000000
000000 000000
000000 000000
000000 000000
000000 000000
000000 000000
000000 000000
000000 000000
000000 000000
000000 000000
000000 000000
000000 000000
000000 000000
000000 000000
000000 000000
000000 000000
000000 000000
000000 000000
000000 000000
000000 000000
000000 000000
000000 000000
000000 000000
000000 000000
000000 000000
000000 000000
000000 000000
000000 000000
000000 000000
000000 000000
000000 000000
000000 000000
000000 000000
000000 000000
000000 000000
000000 000000
000000 000000
000000 000000
000000 000000
000000 000000
000000 000000
000000 000000
000000 000000
000000 000000
000000 000000
000000 000000
000000 000000
000000 000000
000000 000000
000000 000000
000000 000000
000000 000000
000000 000000
000000 000000
000000 000000
000000 000000
000000 000000
000000 000000
000000 000000
000000 000000
000000 000000
000000 000000
000000 000000
000000 000000
000000 000000
000000 000000
000000 000000
000000 000000
000000 000001
000000 000000
000000 000000
000000 000000
3FFFFF 000000
000001 000000
000001 000000
000000 000000
000000 000000
000001 3FFFFF
000000 000000
000000 000000
000000 000000
000000 000000
3FFFFF 000000
000000 000000
000000 000000
3FFFFF 000000
000000 000001
000000 000000
000000 000000
000000 000000
000000 000000
000000 000000
000000 000000
000000 000000
000000 000000
000000 000000
000000 000000
000000 000000
000000 000000
000000 000000
000000 000000
000000 000000
000000 000000
000000 000000
000000 000000
000000 000000
000000 000000
000000 000000
000000 000000
000000 000000
000000 000000
000000 000000
000000 000000
000000 000000
000000 000000
000000 000000
000000 000000
000000 000000
000000 000000
000000 000000
000000 000000
000000 000000
000000 000000
000000 000000
000000 000000
000000 000000
000000 000000
000000 000000
000000 000000
000000 000000
000000 3FFFFD
000003 000000
000000 000000
000000 000003
3FFFFD 000000
3FFFFD 000000
000000 3FFFFD
000000 3FFFFD
000003 000000
000003 000000
000000 000003
000000 000003
000000 000003
000000 000000
3FFFFD 000000
3FFFFD 000000
3FFFFD 000000
000000 3FFFFD
000000 3FFFFD
000000 3FFFFD
000000 000000
3FFFFD 000000
3FFFFB 3FFFFD
3FFFFD 3FFFF5
000008 3FFFED
00001B 3FFFF8
00001D 000015
000003 000025
3FFFE5 000018
3FFFE5 3FFFF8
3FFFFB 3FFFED
000008 3FFFF8
000005 000003
000000 000000
000000 000000
000003 000000
000000 000003
3FFFFD 000000
000000 3FFFFD
000003 000000
000000 000003
3FFFFD 000000
000000 3FFFFD
000003 000000
000003 000003
000000 000003
3FFFFD 000000
000000 3FFFFD
000000 3FFFFD
000003 000000
000000 000003
000000 000003
3FFFFD 000000
3FFFFD 000000
000000 3FFFFD
000000 000000
000003 000000
000000 000000
000000 000000
000000 000000
000000 000000
000000 000000
000000 000000
000000 000000
000000 000000
000000 000000
000000 000000
000000 000000
000000 000000
000000 000000
000000 000000
000000 000000
000000 000000
000000 000000
000000 000000
000000 000000
000000 000000
000000 000000
000000 000000
000000 000000
000000 000000
000000 000000
000000 000000
000000 000000
000000 000000
000000 000000
000000 000000
000000 000000
000000 000000
000000 000000
000000 000000
000000 000000
000000 000000
000000 000000
000000 000000
000000 000000
000000 000000
000000 000000
000000 000000
000000 000000
000000 000000
000000 000000
000000 000000
000000 000000
000000 000000
000000 000000
000000 000000
000000 000000
000000 000000
000000 000000
000000 000000
000000 000000
000000 000000
000000 000000
000000 000000
000000 000000
000000 000000
000000 000000
000000 000000
000000 000000
000000 000000
000000 000000
000000 000000
000000 000000
000000 000000
000000 000000
000000 000000
000000 000000
000000 000000
000000 000000
000001 000000
000000 000000
000000 000001
000000 000000
000000 000000
000000 000000
000000 000000
000000 000000
000000 000000
000000 000000
000000 000000
000000 3FFFFF
000000 000001
000000 000000
000001 000000
000000 000000
000000 000000
000000 000000
000001 000000
000000 000000
000000 000000
000000 000000
000000 000000
000000 000000
000000 000000
000000 000000
000000 000000
000000 000000
000000 000000
000000 000000
000000 000000
000000 000000
000000 000000
000000 000000
000000 000000
000000 000000
000000 000000
000000 000000
000000 000000
000000 000000
000000 000000
000000 000000
000000 000000
000000 000000
000000 000000
000000 000000
000000 000000
000000 000000
000000 000000
000000 000000
000000 000000
000000 000000
000000 000000
000000 000000
000000 000000
000000 000000
000000 000000
000000 000000
000000 000000
000000 000000
3FFFFD 000000
000000 000000
000000 3FFFFD
000003 000000
000000 000000
000000 000003
3FFFFD 000000
3FFFFD 000000
000000 3FFFFD
000000 3FFFFD
000003 000000
000003 000000
000000 000003
000000 000003
000000 000003
3FFFFD 000000
3FFFFD 000000
3FFFFD 000000
3FFFFD 000000
000000 3FFFFD
000000 3FFFFD
000000 3FFFFD
000000 000000
3FFFFD 000000
3FFFFB 3FFFFD
3FFFFD 3FFFF5
00000B 3FFFED
00001D 3FFFFB
00001D 000015
000000 000028
3FFFE3 000015
3FFFE3 3FFFF5
3FFFFB 3FFFEB
000008 3FFFF8
000005 000003
000000 000000
000000 000000
000003 000000
000000 000003
3FFFFD 000000
000000 3FFFFD
000003 000000
000000 000003
3FFFFD 000000
000000 3FFFFD
000003 000000
000000 000003
000000 000003
3FFFFD 000000
000000 3FFFFD
000000 3FFFFD
000003 000000
000000 000003
000000 000003
3FFFFD 000000
3FFFFD 000000
000000 3FFFFD
000000 000000
000003 000000
000000 000000
000000 000000
000000 000000
000000 000000
000000 000000
000000 000000
000000 000000
000000 000000
000000 000000
000000 000000
000000 000000
000000 000000
000000 000000
000000 000000
000000 000000
000000 000000
000000 000000
000000 000000
000000 000000
000000 000000
000000 000000
000000 000000
000000 000000
000000 000000
000000 000000
000000 000000
000000 000000
000000 000000
000000 000000
000000 000000
000000 000000
000000 000000
000000 000000
000000 000000
000000 000000
000000 000000
000000 000000
000000 000000
000000 000000
000000 000000
000000 000000
000000 000000
000000 000000
000000 000000
000000 000000
000000 000000
000000 000000
000000 000000
000000 000000
000000 000000
000000 000000
000000 000000
000000 000000
000000 000000
000000 000000
000000 000000
000000 000000
000000 000000
000000 000000
000000 000000
000000 000000
000000 000000
000000 000000
000000 000000
000000 000000
000000 000000
000000 000000
000000 000000
000000 000000
000000 000000
000000 000000
000000 000000
000000 000000
000000 000000
000001 000000
000000 000000
000000 000000
000000 000001
000000 000000
000000 000000
000000 000000
000000 000000
000000 000000
000001 000000
000000 000000
000000 000000
000000 000000
000000 000000
000000 000000
000000 000000
000000 000000
000001 000000
000000 000000
000000 000000
000000 000000
000000 000000
000000 000000
000000 000000
000000 000000
000000 000000
000000 000000
000000 000000
000000 000000
000000 000000
000000 000000
000000 000000
000000 000000
000000 000000
000000 000000
000000 000000
000000 000000
000000 000000
000000 000000
000000 000000
000000 000000
000000 000000
000000 000000
000000 000000
000000 000000
000000 000000
000000 000000
000000 000000
000000 000000
000000 000000
000000 000000
000000 000000
000000 000000
000000 000000
000000 000000
000000 000000
000000 000000
000000 000000
000000 000000
3FFFFD 000000
000000 000000
000000 3FFFFD
000003 000000
000000 000000
000000 000003
3FFFFD 000000
3FFFFD 000000
000000 3FFFFD
000000 3FFFFD
000003 000000
000003 000000
000000 000003
000000 000003
000000 000003
3FFFFD 000000
3FFFFD 000000
3FFFFD 000000
3FFFFD 000000
000000 3FFFFD
000000 3FFFFD
000000 3FFFFD
000000 000000
000000 000000
3FFFFB 3FFFFD
3FFFFD 3FFFF3
00000B 3FFFED
00001D 3FFFFB
00001D 000018
000000 000028
3FFFE0 000015
3FFFE3 3FFFF5
3FFFFD 3FFFEB
00000B 3FFFF8
000005 000003
000000 000000
000000 000000
000003 000000
000000 000003
3FFFFD 000000
000000 3FFFFD
000003 000000
000000 000003
3FFFFD 000000
000000 3FFFFD
000003 000000
000000 000003
000000 000003
3FFFFD 000000
000000 3FFFFD
000000 3FFFFD
000003 000000
000000 000003
000000 000003
3FFFFD 000000
000000 000000
000000 3FFFFD
000000 000000
000003 000000
000000 000000
000000 000000
000000 000000
000000 000000
000000 000000
000000 000000
000000 000000
000000 000000
000000 000000
000000 000000
000000 000000
000000 000000
000000 000000
000000 000000
000000 000000
000000 000000
000000 000000
000000 000000
000000 000000
000000 000000
000000 000000
000000 000000
000000 000000
000000 000000
000000 000000
000000 000000
000000 000000
000000 000000
000000 000000
000000 000000
000000 000000
000000 000000
000000 000000
000000 000000
000000 000000
000000 000000
000000 000000
000000 000000
000000 000000
000000 000000
000000 000000
000000 000000
000000 000000
000000 000000
000000 000000
000000 000000
000000 000000
000000 000000
000000 000000
000000 000000
000000 000000
000000 000000
000000 000000
000000 000000
000000 000000
000000 000000
000000 000000
000000 000000
000000 000000
000000 000000
000000 000000
000000 000000
000000 000000
000000 000000
000000 000000
000000 000000
000000 000000
000000 000000
000000 000000
000000 000000
000000 000000
000000 000000
000000 000000
000000 000000
000001 000000
000000 000000
000000 3FFFFF
000000 000000
000000 3FFFFF
000000 000001
000000 000000
000000 000001
000000 000000
000000 000000
000000 000000
000001 000000
000000 000000
000000 000000
000000 000000
3FFFFF 000000
000000 000000
000001 000001
000000 000000
000000 000000
000000 000000
000000 000000
000000 000000
000000 000000
000000 000000
000000 000000
000000 000000
000000 000000
000000 000000
000000 000000
000000 000000
000000 000000
000000 000000
000000 000000
000000 000000
000000 000000
000000 000000
000000 000000
000000 000000
000000 000000
000000 000000
000000 000000
000000 000000
000000 000000
000000 000000
000000 000000
000000 000000
000000 000000
000000 000000
000000 000000
000000 000000
000000 000000
000000 000000
000000 000000
000000 000000
000000 000000
000000 000000
000000 000000
000000 000000
3FFFFD 000000
000000 000000
000000 3FFFFD
000003 000000
000000 000003
000000 000003
3FFFFD 000000
3FFFFD 000000
000000 3FFFFD
000000 3FFFFD
000003 000000
000003 000000
000000 000003
000000 000003
000000 000003
3FFFFD 000000
3FFFFD 000000
3FFFFD 000000
3FFFFD 000000
000000 3FFFFD
000000 3FFFFD
000000 3FFFFD
000000 000000
000000 000000
3FFFFB 3FFFFB
3FFFFD 3FFFF3
00000D 3FFFED
000020 3FFFFD
00001D 00001B
3FFFFD 00002B
3FFFE0 000015
3FFFE3 3FFFF3
3FFFFD 3FFFEB
00000B 3FFFF8
000005 000003
000000 000000
000000 000000
000003 000000
000000 000003
3FFFFD 000000
000000 3FFFFD
000003 000000
000000 000003
3FFFFD 000000
000000 3FFFFD
000003 000000
000000 000003
000000 000003
3FFFFD 000000
000000 3FFFFD
000003 3FFFFD
000003 000000
000000 000003
000000 000003
3FFFFD 000000
000000 000000
000000 3FFFFD
000000 000000
000003 000000
000000 000000
000000 000000
000000 000000
000000 000000
000000 000000
000000 000000
000000 000000
000000 000000
000000 000000
000000 000000
000000 000000
000000 000000
000000 000000
000000 000000
000000 000000
000000 000000
000000 000000
000000 000000
000000 000000
000000 000000
000000 000000
000000 000000
000000 000000
000000 000000
000000 000000
000000 000000
000000 000000
000000 000000
000000 000000
000000 000000
000000 000000
000000 000000
000000 000000
000000 000000
000000 000000
000000 000000
000000 000000
000000 000000
000000 000000
000000 000000
000000 000000
000000 000000
000000 000000
000000 000000
000000 000000
000000 000000
000000 000000
000000 000000
000000 000000
000000 000000
000000 000000
000000 000000
000000 000000
000000 000000
000000 000000
000000 000000
000000 000000
000000 000000
000000 000000
000000 000000
000000 000000
000000 000000
000000 000000
000000 000000
000000 000000
000000 000000
000000 000000
000000 000000
000000 000000
000000 000000
000000 000000
000000 000000
000000 000000
000001 3FFFFF
000000 000000
000000 000001
000000 000000
000000 000000
000000 3FFFFF
000001 000000
000000 000000
3FFFFF 000000
000001 000001
000000 000000
000000 000000
000000 000000
000000 3FFFFF
000000 3FFFFF
000000 3FFFFF
000000 000000
000000 000000
000000 000000
000000 000000
000000 000000
000000 000000
000000 000000
000000 000000
000000 000000
000000 000000
000000 000000
000000 000000
000000 000000
000000 000000
000000 000000
000000 000000
000000 000000
000000 000000
000000 000000
000000 000000
000000 000000
000000 000000
000000 000000
000000 000000
000000 000000
000000 000000
000000 000000
000000 000000
000000 000000
000000 000000
000000 000000
000000 000000
000000 000000
000000 000000
000000 000000
000000 000000
000000 000000
000000 000000
000000 000000
000000 000000
000000 000000
000000 000000
000000 000000
000000 000000
3FFFFD 000000
000000 3FFFFD
000000 3FFFFD
000003 000000
000000 000003
000000 000003
3FFFFD 000000
3FFFFD 000000
000000 3FFFFD
000000 3FFFFD
000003 000000
000003 000000
000000 000003
000000 000003
000000 000003
3FFFFD 000000
3FFFFD 000000
3FFFFD 000000
3FFFFD 3FFFFD
000000 3FFFFD
000000 3FFFFD
000000 3FFFFD
000000 3FFFFD
000000 000000
3FFFFD 3FFFFB
000000 3FFFF3
00000D 3FFFED
000020 3FFFFD
00001B 00001D
3FFFFB 00002B
3FFFDD 000013
3FFFE3 3FFFF0
3FFFFD 3FFFEB
00000B 3FFFF8
000005 000003
000000 000000
000000 000000
000003 000000
000000 000003
3FFFFD 000000
000000 3FFFFD
000003 000000
000000 000003
3FFFFD 000000
000000 3FFFFD
000003 000000
000000 000003
000000 000003
3FFFFD 000000
000000 3FFFFD
000003 3FFFFD
000003 000000
000000 000003
000000 000003
3FFFFD 000000
000000 000000
000000 3FFFFD
000000 000000
000003 000000
000000 000000
000000 000000
000000 000000
000000 000000
000000 000000
000000 000000
000000 000000
000000 000000
000000 000000
000000 000000
000000 000000
000000 000000
000000 000000
000000 000000
000000 000000
000000 000000
000000 000000
000000 000000
000000 000000
000000 000000
000000 000000
000000 000000
000000 000000
000000 000000
000000 000000
000000 000000
000000 000000
000000 000000
000000 000000
000000 000000
000000 000000
000000 000000
000000 000000
000000 000000
000000 000000
000000 000000
000000 000000
000000 000000
000000 000000
000000 000000
000000 000000
000000 000000
000000 000000
000000 000000
000000 000000
000000 000000
000000 000000
000000 000000
000000 000000
000000 000000
000000 000000
000000 000000
000000 000000
000000 000000
000000 000000
000000 000000
000000 000000
000000 000000
000000 000000
000000 000000
000000 000000
000000 000000
000000 000000
000000 000000
000000 000000
000000 000000
000000 000000
000000 000000
000000 000000
000000 000000
000000 000000
000000 000000
000000 000000
000000 000000
3FFFFF 000000
000000 000000
000000 000000
000000 000000
000000 000000
000000 000001
000000 000000
000000 000000
000000 000000
000000 000001
000000 000000
000000 3FFFFF
000000 000000
000001 000000
3FFFFF 000000
3FFFFF 000001
000000 3FFFFF
000000 000000
000000 000000
000000 000000
000000 000000
000000 000000
000000 000000
000000 000000
000000 000000
000000 000000
000000 000000
000000 000000
000000 000000
000000 000000
000000 000000
000000 000000
000000 000000
000000 000000
000000 000000
000000 000000
000000 000000
000000 000000
000000 000000
000000 000000
000000 000000
000000 000000
000000 000000
000000 000000
000000 000000
000000 000000
000000 000000
000000 000000
000000 000000
000000 000000
000000 000000
000000 000000
000000 000000
000000 000000
000000 000000
000000 000000
000000 000000
000000 000000
000000 000000
3FFFFD 000000
000000 3FFFFD
000000 3FFFFD
000003 000000
000000 000003
000000 000003
3FFFFD 000000
3FFFFD 000000
000000 3FFFFD
000000 3FFFFD
000003 000000
000003 000000
000000 000003
000000 000003
000000 000003
3FFFFD 000000
3FFFFD 000000
3FFFFD 000000
3FFFFD 3FFFFD
000000 3FFFFD
000000 3FFFFD
000000 3FFFFD
000000 3FFFFD
000000 000000
3FFFFD 3FFFFB
000000 3FFFF3
000010 3FFFED
000023 000000
00001B 000020
3FFFF8 00002B
3FFFDB 000013
3FFFE3 3FFFF0
000000 3FFFE8
00000B 3FFFF8
000005 000003
000000 000000
000000 000000
000003 000000
000000 000003
3FFFFD 3FFFFD
000003 3FFFFD
000003 000000
000000 000003
3FFFFD 000000
000000 3FFFFD
000003 000000
000000 000003
3FFFFD 000003
3FFFFD 000000
000000 3FFFFD
000003 3FFFFD
000003 000000
000000 000003
000000 000003
3FFFFD 000000
000000 3FFFFD
000000 3FFFFD
000003 000000
000003 000000
000000 000000
000000 000000
000000 000000
000000 000000
000000 000000
000000 000000
000000 000000
000000 000000
000000 000000
000000 000000
000000 000000
000000 000000
000000 000000
000000 000000
000000 000000
000000 000000
000000 000000
000000 000000
000000 000000
000000 000000
000000 000000
000000 000000
000000 000000
000000 000000
000000 000000
000000 000000
000000 000000
000000 000000
000000 000000
000000 000000
000000 000000
000000 000000
000000 000000
000000 000000
000000 000000
000000 000000
000000 000000
000000 000000
000000 000000
000000 000000
000000 000000
000000 000000
000000 000000
000000 000000
000000 000000
000000 000000
000000 000000
000000 000000
000000 000000
000000 000000
000000 000000
000000 000000
000000 000000
000000 000000
000000 000000
000000 000000
000000 000000
000000 000000
000000 000000
000000 000000
000000 000000
000000 000000
000000 000000
000000 000000
000000 000000
000000 000000
000000 000000
000000 000000
000000 000000
000000 000000
000000 000000
000000 000000
000000 000000
000000 000000
000000 000000
000000 000000
000001 3FFFFF
000000 000000
000000 000000
000000 000000
000000 000000
000000 000000
000000 000000
3FFFFF 000000
000000 000000
3FFFFF 3FFFFF
000000 000000
3FFFFF 000000
000000 000000
000000 000000
000000 3FFFFF
000000 000000
000000 000000
000000 000000
000000 000000
000000 000000
000000 000000
000000 000000
000000 000000
000000 000000
000000 000000
000000 000000
000000 000000
000000 000000
000000 000000
000000 000000
000000 000000
000000 000000
000000 000000
000000 000000
000000 000000
000000 000000
000000 000000
000000 000000
000000 000000
000000 000000
000000 000000
000000 000000
000000 000000
000000 000000
000000 000000
000000 000000
000000 000000
000000 000000
000000 000000
000000 000000
000000 000000
000000 000000
000000 000000
000000 000000
000000 000000
000000 000000
000000 000000
3FFFFD 000000
000000 3FFFFD
000000 3FFFFD
000003 000000
000000 000003
000000 000003
3FFFFD 000000
3FFFFD 000000
000000 3FFFFD
000000 3FFFFD
000003 000000
000003 000000
000000 000003
000000 000003
3FFFFD 000003
3FFFFD 000000
3FFFFD 000000
3FFFFD 000000
3FFFFD 3FFFFD
000000 3FFFFD
000000 3FFFFD
000000 3FFFFD
000000 3FFFFD
000000 000000
3FFFFD 3FFFFB
000000 3FFFF3
000010 3FFFED
000023 000000
00001B 000023
3FFFF5 00002D
3FFFD8 000010
3FFFE3 3FFFED
000000 3FFFE8
00000D 3FFFFB
000005 000005
3FFFFD 000000
000000 000000
000003 000000
3FFFFD 000000
3FFFFD 3FFFFD
000003 3FFFFD
000003 000000
000000 000003
3FFFFD 000000
000000 3FFFFD
000003 000000
000000 000003
3FFFFD 000003
3FFFFD 000000
000000 3FFFFD
000003 3FFFFD
000003 000000
000000 000003
000000 000003
3FFFFD 000000
000000 3FFFFD
000000 3FFFFD
000003 000000
000003 000000
000000 000000
000000 000003
000000 000000
000000 000000
000000 000000
000000 000000
000000 000000
000000 000000
000000 000000
000000 000000
000000 000000
000000 000000
000000 000000
000000 000000
000000 000000
000000 000000
000000 000000
000000 000000
000000 000000
000000 000000
000000 000000
000000 000000
000000 000000
000000 000000
000000 000000
000000 000000
000000 000000
000000 000000
000000 000000
000000 000000
000000 000000
000000 000000
000000 000000
000000 000000
000000 000000
000000 000000
000000 000000
000000 000000
000000 000000
000000 000000
000000 000000
000000 000000
000000 000000
000000 000000
000000 000000
000000 000000
000000 000000
000000 000000
000000 000000
000000 000000
000000 000000
000000 000000
000000 000000
000000 000000
000000 000000
000000 000000
000000 000000
000000 000000
000000 000000
000000 000000
000000 000000
000000 000000
000000 000000
000000 000000
000000 000000
000000 000000
000000 000000
000000 000000
000000 000000
000000 000000
000000 000000
000000 000000
000000 000000
000000 000001
000000 000000
000000 000000
000000 000000
000001 000000
000001 000000
000000 000000
000000 000000
000000 3FFFFF
000000 000000
3FFFFF 000000
000000 000000
000000 000000
000000 000000
000000 000000
000001 000000
000000 3FFFFF
3FFFFF 3FFFFF
000000 000000
000001 000000
000000 000000
000000 000000
000000 000000
000000 000000
000000 000000
000000 000000
000000 000000
000000 000000
000000 000000
000000 000000
000000 000000
000000 000000
000000 000000
000000 000000
000000 000000
000000 000000
000000 000000
000000 000000
000000 000000
000000 000000
000000 000000
000000 000000
000000 000000
000000 000000
000000 000000
000000 000000
000000 000000
000000 000000
000000 000000
000000 000000
000000 000000
000000 000000
000000 000000
000000 000000
000000 000000
000000 000000
000000 000000
000000 000000
000000 000000
000000 000000
3FFFFD 000000
000000 3FFFFD
000000 3FFFFD
000003 000000
000000 000003
000000 000003
3FFFFD 000000
3FFFFD 000000
000000 3FFFFD
000003 3FFFFD
000003 000000
000003 000000
000000 000003
000000 000003
3FFFFD 000003
3FFFFD 000000
3FFFFD 000000
3FFFFD 000000
3FFFFD 3FFFFD
000000 3FFFFD
000000 3FFFFD
000000 3FFFFD
000000 3FFFFD
000000 3FFFFD
3FFFFD 3FFFFB
000000 3FFFF0
000013 3FFFED
000025 000003
00001B 000025
3FFFF3 00002D
3FFFD5 000010
3FFFE3 3FFFEB
000003 3FFFE8
00000D 3FFFFB
000005 000005
3FFFFD 000000
000000 000000
000003 000000
3FFFFD 000000
3FFFFD 3FFFFD
000003 3FFFFD
000003 000003
000000 000003
3FFFFD 000000
000000 3FFFFD
000003 000000
000000 000003
3FFFFD 000003
3FFFFD 000000
000000 3FFFFD
000003 3FFFFD
000003 000000
000000 000003
3FFFFD 000003
3FFFFD 000000
000000 3FFFFD
000000 3FFFFD
000003 000000
000003 000000
000000 000000
000000 000003
000000 000000
000000 000000
000000 000000
000000 000000
000000 000000
000000 000000
000000 000000
000000 000000
000000 000000
000000 000000
000000 000000
000000 000000
000000 000000
000000 000000
000000 000000
000000 000000
000000 000000
000000 000000
000000 000000
000000 000000
000000 000000
000000 000000
000000 000000
000000 000000
000000 000000
000000 000000
000000 000000
000000 000000
000000 000000
000000 000000
000000 000000
000000 000000
000000 000000
000000 000000
000000 000000
000000 000000
000000 000000
000000 000000
000000 000000
000000 000000
000000 000000
000000 000000
000000 000000
000000 000000
000000 000000
000000 000000
000000 000000
000000 000000
000000 000000
000000 000000
000000 000000
000000 000000
000000 000000
000000 000000
000000 000000
000000 000000
000000 000000
000000 000000
000000 000000
000000 000000
000000 000000
000000 000000
000000 000000
000000 000000
000000 000000
000000 000000
000000 000000
000000 000000
000000 000000
000000 000000
000000 000000
000000 000001
000000 000000
000000 000000
000000 000000
000001 000001
000000 000000
3FFFFF 000000
000000 000000
000000 000001
000000 000000
000000 000000
000000 000000
000000 000000
000000 000000
000000 000000
000000 000000
3FFFFF 3FFFFF
000000 000000
000000 000001
000001 3FFFFF
000000 000000
000000 000000
000000 000000
000000 000000
000000 000000
000000 000000
000000 000000
000000 000000
000000 000000
000000 000000
000000 000000
000000 000000
000000 000000
000000 000000
000000 000000
000000 000000
000000 000000
000000 000000
000000 000000
000000 000000
000000 000000
000000 000000
000000 000000
000000 000000
000000 000000
000000 000000
000000 000000
000000 000000
000000 000000
000000 000000
000000 000000
000000 000000
000000 000000
000000 000000
000000 000000
000000 000000
000000 000000
000000 000000
000000 000000
000000 000003
3FFFFD 000000
000000 3FFFFD
000000 3FFFFD
000003 000000
000000 000003
000000 000003
3FFFFD 000000
3FFFFD 3FFFFD
000000 3FFFFD
000003 3FFFFD
000003 000000
000003 000003
000000 000003
000000 000003
3FFFFD 000003
3FFFFD 000000
3FFFFD 000000
3FFFFD 000000
3FFFFD 3FFFFD
000000 3FFFFD
000000 3FFFFD
000000 3FFFFD
000000 3FFFFD
000000 3FFFFD
3FFFFD 3FFFFB
000003 3FFFF0
000015 3FFFF0
000025 000005
00001B 000028
3FFFF0 000030
3FFFD3 00000D
3FFFE3 3FFFE8
000003 3FFFE5
00000D 3FFFFB
000005 000005
3FFFFD 000000
000000 000000
000003 000003
3FFFFD 000000
000000 3FFFFD
000003 3FFFFD
000003 000003
000000 000003
3FFFFD 000000
000000 3FFFFD
000003 000000
000000 000003
3FFFFD 000003
3FFFFD 000000
000000 3FFFFD
000003 3FFFFD
000003 000000
000000 000003
3FFFFD 000003
3FFFFD 000000
000000 3FFFFD
000000 3FFFFD
000003 000000
000003 000000
000000 000003
000000 000003
000000 000000
000000 000000
000000 000000
000000 000000
000000 000000
000000 000000
000000 000000
000000 000000
000000 000000
000000 000000
000000 000000
000000 000000
000000 000000
000000 000000
000000 000000
000000 000000
000000 000000
000000 000000
000000 000000
000000 000000
000000 000000
000000 000000
000000 000000
000000 000000
000000 000000
000000 000000
000000 000000
000000 000000
000000 000000
000000 000000
000000 000000
000000 000000
000000 000000
000000 000000
000000 000000
000000 000000
000000 000000
000000 000000
000000 000000
000000 000000
000000 000000
000000 000000
000000 000000
000000 000000
000000 000000
000000 000000
000000 000000
000000 000000
000000 000000
000000 000000
000000 000000
000000 000000
000000 000000
000000 000000
000000 000000
000000 000000
000000 000000
000000 000000
000000 000000
000000 000000
000000 000000
000000 000000
000000 000000
000000 000000
000000 000000
000000 000000
000000 000000
000000 000000
000000 000000
000000 000000
000000 000001
000000 000000
000000 000000
000000 000001
000000 000000
000000 000000
000001 3FFFFF
000000 000000
000000 000000
000000 000000
000000 000000
000000 000000
000000 000000
000000 000000
000000 000000
000000 000000
3FFFFF 000000
000000 000000
000000 000000
000000 000001
3FFFFF 000000
000000 000000
000000 000000
000000 000000
000000 000000
000000 000000
000000 000000
000000 000000
000000 000000
000000 000000
000000 000000
000000 000000
000000 000000
000000 000000
000000 000000
000000 000000
000000 000000
000000 000000
000000 000000
000000 000000
000000 000000
000000 000000
000000 000000
000000 000000
000000 000000
000000 000000
000000 000000
000000 000000
000000 000000
000000 000000
000000 000000
000000 000000
000000 000000
000000 000000
000000 000000
000000 000000
000000 000000
000000 000000
000000 000000
000000 000003
000000 000003
3FFFFD 000000
000000 3FFFFD
000003 3FFFFD
000003 000000
000000 000003
000000 000003
3FFFFD 000000
3FFFFD 3FFFFD
000000 3FFFFD
000003 3FFFFD
000003 000000
000003 000003
000000 000003
000000 000003
3FFFFD 000003
3FFFFD 000000
3FFFFD 000000
3FFFFD 3FFFFD
000000 3FFFFD
000000 3FFFFD
000000 3FFFFD
000000 3FFFFD
000000 3FFFFD
000000 3FFFFD
3FFFFD 3FFFFB
000003 3FFFF0
000015 3FFFF0
000028 000008
000018 00002B
3FFFED 000033
3FFFD0 00000D
3FFFE3 3FFFE5
000005 3FFFE5
000010 3FFFFB
000005 000005
3FFFFD 000000
000000 000000
000003 000003
3FFFFD 000000
000000 3FFFFD
000003 3FFFFD
000003 000003
3FFFFD 000003
3FFFFD 000000
000000 3FFFFD
000003 000000
000000 000003
3FFFFD 000003
3FFFFD 000000
000000 3FFFFD
000003 3FFFFD
000003 000000
000000 000003
3FFFFD 000003
3FFFFD 000000
000000 3FFFFD
000000 3FFFFD
000003 000000
000003 000000
000000 000003
000000 000003
000000 000000
000000 000000
000000 000000
000000 000000
000000 000000
000000 000000
000000 000000
000000 000000
000000 000000
000000 000000
000000 000000
000000 000000
000000 000000
000000 000000
000000 000000
000000 000000
000000 000000
000000 000000
000000 000000
000000 000000
000000 000000
000000 000000
000000 000000
000000 000000
000000 000000
000000 000000
000000 000000
000000 000000
000000 000000
000000 000000
000000 000000
000000 000000
000000 000000
000000 000000
000000 000000
000000 000000
000000 000000
000000 000000
000000 000000
000000 000000
000000 000000
000000 000000
000000 000000
000000 000000
000000 000000
000000 000000
000000 000000
000000 000000
000000 000000
000000 000000
000000 000000
000000 000000
000000 000000
000000 000000
000000 000000
000000 000000
000000 000000
000000 000000
000000 000000
000000 000000
000000 000000
000000 000000
000000 000000
000000 000000
000000 000000
000000 000000
000000 000000
000000 000000
000000 000000
000000 000000
3FFFFF 000000
000000 000000
000000 000000
000000 000000
000000 000000
000000 000000
000000 000000
000000 3FFFFF
000001 000000
3FFFFF 000000
000000 000001
000000 000000
000000 000000
000001 3FFFFF
000000 3FFFFF
000000 000001
000000 000000
000001 3FFFFF
000001 000000
3FFFFF 000000
000000 000000
000000 000000
000000 000000
000000 000000
000000 000000
000000 000000
000000 000000
000000 000000
000000 000000
000000 000000
000000 000000
000000 000000
000000 000000
000000 000000
000000 000000
000000 000000
000000 000000
000000 000000
000000 000000
000000 000000
000000 000000
000000 000000
000000 000000
000000 000000
000000 000000
000000 000000
000000 000000
000000 000000
000000 000000
000000 000000
000000 000000
000000 000000
000000 000000
000000 000000
000000 000000
000000 000000
000000 000000
000000 000000
000003 000000
000000 000003
000000 000003
3FFFFD 000000
000000 3FFFFD
000003 3FFFFD
000003 000000
000000 000003
000000 000003
3FFFFD 000000
3FFFFD 3FFFFD
000000 3FFFFD
000003 3FFFFD
000003 000000
000003 000003
000000 000003
000000 000003
3FFFFD 000003
3FFFFD 000000
3FFFFD 000000
3FFFFD 3FFFFD
000000 3FFFFD
000000 3FFFFD
000000 3FFFFD
000000 3FFFFD
000000 3FFFFD
000000 3FFFFD
3FFFFD 3FFFF8
000003 3FFFF0
000018 3FFFF0
00002B 000008
000018 00002D
3FFFE8 000033
3FFFCD 00000B
3FFFE3 3FFFE3
000005 3FFFE3
000010 3FFFFB
000005 000005
3FFFFD 000000
000000 3FFFFD
000003 000003
3FFFFD 000000
000000 3FFFFD
000003 3FFFFD
000003 000003
3FFFFD 000003
3FFFFD 000000
000000 3FFFFD
000003 000000
000000 000003
3FFFFD 000003
3FFFFD 3FFFFD
000000 3FFFFD
000003 3FFFFD
000003 000000
000000 000003
3FFFFD 000003
3FFFFD 000000
000000 3FFFFD
000000 3FFFFD
000003 000000
000003 000000
000000 000003
000000 000003
000000 000000
000000 000000
000000 000000
000000 000000
000000 000000
000000 000000
000000 000000
000000 000000
000000 000000
000000 000000
000000 000000
000000 000000
000000 000000
000000 000000
000000 000000
000000 000000
000000 000000
000000 000000
000000 000000
000000 000000
000000 000000
000000 000000
000000 000000
000000 000000
000000 000000
000000 000000
000000 000000
000000 000000
000000 000000
000000 000000
000000 000000
000000 000000
000000 000000
000000 000000
000000 000000
000000 000000
000000 000000
000000 000000
000000 000000
000000 000000
000000 000000
000000 000000
000000 000000
000000 000000
000000 000000
000000 000000
000000 000000
000000 000000
000000 000000
000000 000000
000000 000000
000000 000000
000000 000000
000000 000000
000000 000000
000000 000000
000000 000000
000000 000000
000000 000000
000000 000000
000000 000000
000000 000000
000000 000000
000000 000000
000000 000000
000000 000000
000000 000000
000000 000000
000000 000000
000000 000000
000000 000000
000000 000000
000000 3FFFFF
000001 000000
000000 000000
000000 3FFFFF
000000 000001
000000 000000
000000 000000
000000 000000
000000 000000
000000 000000
000000 000000
000000 000000
000000 000000
000001 000000
000000 000000
000000 000000
000000 000000
000000 3FFFFF
000000 000000
000000 000000
000000 000000
000000 000000
000000 000000
000000 000000
000000 000000
000000 000000
000000 000000
000000 000000
000000 000000
000000 000000
000000 000000
000000 000000
000000 000000
000000 000000
000000 000000
000000 000000
000000 000000
000000 000000
000000 000000
000000 000000
000000 000000
000000 000000
000000 000000
000000 000000
000000 000000
000000 000000
000000 000000
000000 000000
000000 000000
000000 000000
000000 000000
000000 000000
000000 000000
000000 000000
000000 000000
000000 000000
000003 000000
000000 000003
3FFFFD 000003
3FFFFD 000000
000000 3FFFFD
000003 3FFFFD
000003 000000
000000 000003
3FFFFD 000003
3FFFFD 000000
3FFFFD 3FFFFD
000000 3FFFFD
000003 3FFFFD
000003 000000
000003 000003
000000 000003
000000 000003
3FFFFD 000003
3FFFFD 000000
3FFFFD 000000
3FFFFD 3FFFFD
000000 3FFFFD
000000 3FFFFD
000000 3FFFFD
000000 3FFFFD
000000 3FFFFD
000000 3FFFFD
3FFFFD 3FFFF8
000005 3FFFED
00001B 3FFFF0
00002B 00000B
000018 000033
3FFFE5 000035
3FFFC8 000008
3FFFE0 3FFFE0
000008 3FFFE3
000013 3FFFFD
000005 000008
3FFFFD 000000
000000 3FFFFD
000003 000003
3FFFFD 000000
000000 3FFFFD
000003 3FFFFD
000003 000003
3FFFFD 000003
3FFFFD 3FFFFD
000000 3FFFFD
000003 000000
000000 000003
3FFFFD 000003
3FFFFD 3FFFFD
000000 3FFFFD
000003 3FFFFD
000003 000003
000000 000003
3FFFFD 000003
3FFFFD 000000
000000 3FFFFD
000000 3FFFFD
000003 000000
000003 000000
000000 000003
000000 000003
000000 000000
000000 000000
000000 000000
000000 000000
000000 000000
000000 000000
000000 000000
000000 000000
000000 000000
000000 000000
000000 000000
000000 000000
000000 000000
000000 000000
000000 000000
000000 000000
000000 000000
000000 000000
000000 000000
000000 000000
000000 000000
000000 000000
000000 000000
000000 000000
000000 000000
000000 000000
000000 000000
000000 000000
000000 000000
000000 000000
000000 000000
000000 000000
000000 000000
000000 000000
000000 000000
000000 000000
000000 000000
000000 000000
000000 000000
000000 000000
000000 000000
000000 000000
000000 000000
000000 000000
000000 000000
000000 000000
000000 000000
000000 000000
000000 000000
000000 000000
000000 000000
000000 000000
000000 000000
000000 000000
000000 000000
000000 000000
000000 000000
000000 000000
000000 000000
000000 000000
000000 000000
000000 000000
000000 000000
000000 000000
000000 000000
000000 000000
000000 000000
000000 000000
000000 000000
000000 000000
000000 000000
000000 000000
000000 3FFFFF
3FFFFF 000000
000000 000000
000000 000000
000000 000000
000000 000000
000000 000000
000000 000001
000000 000000
000000 000000
3FFFFF 000000
000000 000000
000000 000000
3FFFFF 000000
000000 000000
000000 000000
000000 3FFFFF
000000 000000
000000 000000
000000 000000
000000 000000
000000 000000
000000 000000
000000 000000
000000 000000
000000 000000
000000 000000
000000 000000
000000 000000
000000 000000
000000 000000
000000 000000
000000 000000
000000 000000
000000 000000
000000 000000
000000 000000
000000 000000
000000 000000
000000 000000
000000 000000
000000 000000
000000 000000
000000 000000
000000 000000
000000 000000
000000 000000
000000 000000
000000 000000
000000 000000
000000 000000
000000 000000
000000 000000
000000 000000
000000 000000
000000 000000
000003 000000
000000 000003
3FFFFD 000003
3FFFFD 000000
000000 3FFFFD
000003 3FFFFD
000003 000000
000000 000003
3FFFFD 000003
3FFFFD 000000
3FFFFD 3FFFFD
000000 3FFFFD
000003 3FFFFD
000003 000000
000003 000003
000000 000003
3FFFFD 000003
3FFFFD 000003
3FFFFD 000000
3FFFFD 000000
3FFFFD 3FFFFD
000000 3FFFFD
000000 3FFFFD
000000 3FFFFD
000000 3FFFFD
000000 3FFFFD
000000 3FFFFD
3FFFFD 3FFFF8
000005 3FFFED
00001D 3FFFF0
00002D 000010
000015 000038
3FFFE0 000038
3FFFC5 000005
3FFFE0 3FFFDB
00000B 3FFFE0
000013 3FFFFD
000005 000008
3FFFFD 000000
000003 3FFFFD
000003 000003
3FFFFD 000000
000000 3FFFFD
000003 3FFFFD
000003 000003
3FFFFD 000003
3FFFFD 3FFFFD
000000 3FFFFD
000003 000000
000000 000003
3FFFFD 000003
3FFFFD 3FFFFD
000000 3FFFFD
000003 3FFFFD
000003 000003
000000 000003
3FFFFD 000003
3FFFFD 000000
000000 3FFFFD
000000 3FFFFD
000003 000000
000003 000000
000000 000003
000000 000003
3FFFFD 000000
3FFFFD 000000
000000 000000
000000 000000
000000 000000
000000 000000
000000 000000
000000 000000
000000 000000
000000 000000
000000 000000
000000 000000
000000 000000
000000 000000
000000 000000
000000 000000
000000 000000
000000 000000
000000 000000
000000 000000
000000 000000
000000 000000
000000 000000
000000 000000
000000 000000
000000 000000
000000 000000
000000 000000
000000 000000
000000 000000
000000 000000
000000 000000
000000 000000
000000 000000
000000 000000
000000 000000
000000 000000
000000 000000
000000 000000
000000 000000
000000 000000
000000 000000
000000 000000
000000 000000
000000 000000
000000 000000
000000 000000
000000 000000
000000 000000
000000 000000
000000 000000
000000 000000
000000 000000
000000 000000
000000 000000
000000 000000
000000 000000
000000 000000
000000 000000
000000 000000
000000 000000
000000 000000
000000 000000
000000 000000
000000 000000
000000 000000
000000 000000
000000 000000
000000 000000
000000 000000
000000 000000
000000 000000
000000 000000
000000 000000
000000 000000
3FFFFF 000000
000000 000000
000000 000001
000000 000000
000000 000001
000000 000000
000000 000000
000000 000000
000000 000000
000000 000000
000000 000000
000000 000000
000000 000000
000001 000000
000000 000000
000000 3FFFFF
000000 000000
000000 000000
000000 000000
000000 000000
000000 000000
000000 000000
000000 000000
000000 000000
000000 000000
000000 000000
000000 000000
000000 000000
000000 000000
000000 000000
000000 000000
000000 000000
000000 000000
000000 000000
000000 000000
000000 000000
000000 000000
000000 000000
000000 000000
000000 000000
000000 000000
000000 000000
000000 000000
000000 000000
000000 000000
000000 000000
000000 000000
000000 000000
000000 000000
000000 000000
000000 000000
000000 000000
000000 3FFFFD
000003 000000
000000 000003
3FFFFD 000003
3FFFFD 000000
000000 3FFFFD
000003 3FFFFD
000003 000000
000000 000003
3FFFFD 000003
3FFFFD 000000
3FFFFD 3FFFFD
000000 3FFFFD
000003 3FFFFD
000003 000000
000003 000003
000000 000003
3FFFFD 000003
3FFFFD 000003
3FFFFD 000000
3FFFFD 000000
3FFFFD 3FFFFD
000000 3FFFFD
000000 3FFFFD
000000 3FFFFD
000000 3FFFFD
000000 3FFFFD
000000 3FFFFD
3FFFFD 3FFFF8
000008 3FFFED
000020 3FFFF0
000030 000013
000015 00003E
3FFFDB 00003B
3FFFC0 000003
3FFFE0 3FFFD8
00000D 3FFFDD
000015 3FFFFD
000005 000008
3FFFFD 000000
000003 3FFFFD
000003 000003
3FFFFD 000000
000000 3FFFFD
000003 3FFFFD
000003 000003
3FFFFD 000003
3FFFFD 3FFFFD
000003 3FFFFD
000003 000000
000000 000003
3FFFFD 000003
3FFFFD 3FFFFD
000000 3FFFFD
000003 000000
000003 000003
000000 000003
3FFFFD 000003
3FFFFD 000000
000000 3FFFFD
000000 3FFFFD
000003 000000
000003 000000
000000 000003
000000 000003
3FFFFD 000000
3FFFFD 000000
000000 000000
000000 000000
000000 000000
000000 000000
000000 000000
000000 000000
000000 000000
000000 000000
000000 000000
000000 000000
000000 000000
000000 000000
000000 000000
000000 000000
000000 000000
000000 000000
000000 000000
000000 000000
000000 000000
000000 000000
000000 000000
000000 000000
000000 000000
000000 000000
000000 000000
000000 000000
000000 000000
000000 000000
000000 000000
000000 000000
000000 000000
000000 000000
000000 000000
000000 000000
000000 000000
000000 000000
000000 000000
000000 000000
000000 000000
000000 000000
000000 000000
000000 000000
000000 000000
000000 000000
000000 000000
000000 000000
000000 000000
000000 000000
000000 000000
000000 000000
000000 000000
000000 000000
000000 000000
000000 000000
000000 000000
000000 000000
000000 000000
000000 000000
000000 000000
000000 000000
000000 000000
000000 000000
000000 000000
000000 000000
000000 000000
000000 000000
000000 000000
000000 000000
000000 000000
000000 000001
000000 000000
000000 000000
000000 000000
000000 000000
000001 000000
000000 000001
3FFFFF 000000
3FFFFF 000000
000000 000001
000000 000001
3FFFFF 000000
000000 000000
000000 000000
000000 000000
3FFFFF 000000
000000 3FFFFF
000000 000000
3FFFFF 000000
000001 000000
000000 000000
000000 000000
000000 000000
000000 000000
000000 000000
000000 000000
000000 000000
000000 000000
000000 000000
000000 000000
000000 000000
000000 000000
000000 000000
000000 000000
000000 000000
000000 000000
000000 000000
000000 000000
000000 000000
000000 000000
000000 000000
000000 000000
000000 000000
000000 000000
000000 000000
000000 000000
000000 000000
000000 000000
000000 000000
000000 000000
000000 000000
000000 000000
000000 000000
000000 000000
000000 000000
000000 000000
000000 3FFFFD
000003 000000
000000 000003
3FFFFD 000003
3FFFFD 000000
000000 3FFFFD
000003 3FFFFD
000003 000000
000000 000003
3FFFFD 000003
3FFFFD 000000
3FFFFD 3FFFFD
000000 3FFFFD
000003 3FFFFD
000003 000000
000003 000003
000000 000003
3FFFFD 000003
3FFFFD 000003
3FFFFD 000000
3FFFFD 3FFFFD
3FFFFD 3FFFFD
000000 3FFFFD
000000 3FFFFD
000000 3FFFFD
000003 3FFFFD
000000 3FFFFD
000000 3FFFFD
3FFFFD 3FFFF5
000008 3FFFEB
000023 3FFFF0
000033 000015
000013 000043
3FFFD5 00003E
3FFFBA 000000
3FFFE0 3FFFD3
000010 3FFFDD
000015 3FFFFD
000005 000008
3FFFFD 000000
000003 3FFFFD
000003 000003
3FFFFD 000000
000000 3FFFFD
000003 3FFFFD
000003 000003
3FFFFD 000003
3FFFFD 3FFFFD
000003 3FFFFD
000003 000000
000000 000003
3FFFFD 000003
3FFFFD 3FFFFD
000000 3FFFFD
000003 000000
000003 000003
000000 000003
3FFFFD 000003
3FFFFD 000000
000000 3FFFFD
000003 3FFFFD
000003 000000
000003 000003
000000 000003
000000 000003
3FFFFD 000000
3FFFFD 000000
000000 000000
000000 000000
000000 000000
000000 000000
000000 000000
000000 000000
000000 000000
000000 000000
000000 000000
000000 000000
000000 000000
000000 000000
000000 000000
000000 000000
000000 000000
000000 000000
000000 000000
000000 000000
000000 000000
000000 000000
000000 000000
000000 000000
000000 000000
000000 000000
000000 000000
000000 000000
000000 000000
000000 000000
000000 000000
000000 000000
000000 000000
000000 000000
000000 000000
000000 000000
000000 000000
000000 000000
000000 000000
000000 000000
000000 000000
000000 000000
000000 000000
000000 000000
000000 000000
000000 000000
000000 000000
000000 000000
000000 000000
000000 000000
000000 000000
000000 000000
000000 000000
000000 000000
000000 000000
000000 000000
000000 000000
000000 000000
000000 000000
000000 000000
000000 000000
000000 000000
000000 000000
000000 000000
000000 000000
000000 000000
000000 000000
000000 000000
000000 000000
000000 000000
3FFFFF 000000
000000 3FFFFF
000000 000000
000000 000000
000001 000000
000000 000000
000000 000000
000000 000000
000000 000000
000000 000000
000000 3FFFFF
000000 000001
3FFFFF 000000
000000 000000
000001 000001
000000 000000
000000 3FFFFF
3FFFFF 000000
000001 000001
000000 000000
000000 000000
000000 000000
000000 000000
000000 000000
000000 000000
000000 000000
000000 000000
000000 000000
000000 000000
000000 000000
000000 000000
000000 000000
000000 000000
000000 000000
000000 000000
000000 000000
000000 000000
000000 000000
000000 000000
000000 000000
000000 000000
000000 000000
000000 000000
000000 000000
000000 000000
000000 000000
000000 000000
000000 000000
000000 000000
000000 000000
000000 000000
000000 000000
000000 000000
000000 000000
000000 000000
000000 000000
000000 000000
000000 3FFFFD
000003 000000
000000 000003
3FFFFD 000003
3FFFFD 3FFFFD
000000 3FFFFD
000003 3FFFFD
000003 000003
000000 000003
3FFFFD 000003
3FFFFD 000000
3FFFFD 3FFFFD
000000 3FFFFD
000003 3FFFFD
000005 000000
000003 000003
000000 000005
3FFFFD 000003
3FFFFD 000003
3FFFFD 000000
3FFFFD 3FFFFD
3FFFFD 3FFFFD
000000 3FFFFD
000000 3FFFFD
000000 3FFFFD
000003 3FFFFD
000003 3FFFFD
000000 3FFFFD
3FFFFD 3FFFF5
00000B 3FFFEB
000028 3FFFF0
000035 00001B
000013 000048
3FFFCD 000040
3FFFB5 3FFFFD
3FFFE0 3FFFCD
000013 3FFFDB
000018 000000
000005 00000B
3FFFFD 000000
000003 3FFFFD
000000 000003
3FFFFD 000000
000000 3FFFFD
000003 3FFFFD
000003 000003
3FFFFD 000003
3FFFFD 3FFFFD
000003 3FFFFD
000003 000000
000000 000005
3FFFFD 000003
3FFFFD 3FFFFD
000000 3FFFFB
000003 000000
000003 000003
000000 000003
3FFFFD 000003
3FFFFD 3FFFFD
000000 3FFFFD
000003 3FFFFD
000003 000000
000003 000003
000000 000003
000000 000003
3FFFFD 000000
3FFFFD 000000
000000 000000
000000 000000
000000 000000
000000 000000
000000 000000
000000 000000
000000 000000
000000 000000
000000 000000
000000 000000
000000 000000
000000 000000
000000 000000
000000 000000
000000 000000
000000 000000
000000 000000
000000 000000
000000 000000
000000 000000
000000 000000
000000 000000
000000 000000
000000 000000
000000 000000
000000 000000
000000 000000
000000 000000
000000 000000
000000 000000
000000 000000
000000 000000
000000 000000
000000 000000
000000 000000
000000 000000
000000 000000
000000 000000
000000 000000
000000 000000
000000 000000
000000 000000
000000 000000
000000 000000
000000 000000
000000 000000
000000 000000
000000 000000
000000 000000
000000 000000
000000 000000
000000 000000
000000 000000
000000 000000
000000 000000
000000 000000
000000 000000
000000 000000
000000 000000
000000 000000
000000 000000
000000 000000
000000 000000
000000 000000
000000 000000
000000 000000
000000 000000
000000 000000
000000 000000
000000 000000
000000 000000
000000 000000
000000 000000
000000 000000
000000 000000
000000 000000
000000 000000
000001 000000
000000 000000
000000 000001
000000 000000
000000 000000
000000 000000
000001 000000
000000 000000
000000 3FFFFF
000000 000000
3FFFFF 000000
000000 3FFFFF
000000 000000
000000 000000
000000 000000
000000 000000
000000 000000
000000 000000
000000 000000
000000 000000
000000 000000
000000 000000
000000 000000
000000 000000
000000 000000
000000 000000
000000 000000
000000 000000
000000 000000
000000 000000
000000 000000
000000 000000
000000 000000
000000 000000
000000 000000
000000 000000
000000 000000
000000 000000
000000 000000
000000 000000
000000 000000
000000 000000
000000 000000
000000 000000
000000 000000
000000 000000
000000 000000
000000 000000
000000 3FFFFD
000003 000000
000000 000003
3FFFFD 000003
3FFFFD 3FFFFD
000000 3FFFFD
000003 3FFFFD
000003 000003
000000 000003
3FFFFD 000003
3FFFFB 000000
3FFFFD 3FFFFD
000000 3FFFFB
000003 3FFFFD
000005 000000
000003 000003
000000 000005
3FFFFD 000003
3FFFFD 000003
3FFFFD 000000
3FFFFD 3FFFFD
3FFFFD 3FFFFD
000000 3FFFFB
000000 3FFFFD
000003 3FFFFD
000003 3FFFFD
000003 3FFFFD
000000 3FFFFD
3FFFFD 3FFFF5
00000D 3FFFE8
00002B 3FFFF3
000038 000020
000010 000050
3FFFC5 000043
3FFFB0 3FFFF8
3FFFE0 3FFFC5
000015 3FFFD8
00001B 000000
000003 00000B
3FFFFD 000000
000003 3FFFFD
000000 000003
3FFFFD 000000
000000 3FFFFD
000003 000000
000003 000003
3FFFFD 000003
3FFFFD 3FFFFD
000003 3FFFFD
000003 000003
000000 000005
3FFFFB 000003
3FFFFD 3FFFFD
000000 3FFFFB
000005 000000
000003 000003
000000 000005
3FFFFD 000003
3FFFFD 3FFFFD
000000 3FFFFD
000003 3FFFFD
000003 000000
000003 000003
000000 000003
000000 000003
3FFFFD 000000
3FFFFD 000000
000000 000000
000000 000000
000000 3FFFFD
000000 000000
000000 000000
000000 000000
000000 000000
000000 000000
000000 000000
000000 000000
000000 000000
000000 000000
000000 000000
000000 000000
000000 000000
000000 000000
000000 000000
000000 000000
000000 000000
000000 000000
000000 000000
000000 000000
000000 000000
000000 000000
000000 000000
000000 000000
000000 000000
000000 000000
000000 000000
000000 000000
000000 000000
000000 000000
000000 000000
000000 000000
000000 000000
000000 000000
000000 000000
000000 000000
000000 000000
000000 000000
000000 000000
000000 000000
000000 000000
000000 000000
000000 000000
000000 000000
000000 000000
000000 000000
000000 000000
000000 000000
000000 000000
000000 000000
000000 000000
000000 000000
000000 000000
000000 000000
000000 000000
000000 000000
000000 000000
000000 000000
000000 000000
000000 000000
000000 000000
000000 000000
000000 000000
000000 000000
000000 000000
000000 000000
000000 3FFFFF
000000 3FFFFF
000000 3FFFFF
000001 3FFFFF
000000 3FFFFF
000001 000000
000000 000000
000001 000001
000000 000000
000000 000000
000000 000000
000000 000000
000000 000000
000001 000000
000000 000000
000000 000000
000000 000000
000000 000000
000000 000000
000000 000000
000000 3FFFFF
000000 000000
000000 000000
000000 000000
000000 000000
000000 000000
000000 000000
000000 000000
000000 000000
000000 000000
000000 000000
000000 000000
000000 000000
000000 000000
000000 000000
000000 000000
000000 000000
000000 000000
000000 000000
000000 000000
000000 000000
000000 000000
000000 000000
000000 000000
000000 000000
000000 000000
000000 000000
000000 000000
000000 000000
000000 000000
000000 000000
000000 000000
000000 000000
000003 000000
000000 000003
000000 000000
000000 000000
000000 3FFFFD
000003 000000
000000 000003
3FFFFD 000003
3FFFFD 3FFFFD
000000 3FFFFD
000003 3FFFFD
000003 000003
000000 000005
3FFFFD 000003
3FFFFB 000000
3FFFFD 3FFFFB
000003 3FFFFB
000005 3FFFFD
000005 000003
000003 000005
000000 000005
3FFFFD 000003
3FFFFB 000000
3FFFFB 000000
3FFFFD 3FFFFD
3FFFFD 3FFFFD
000000 3FFFFB
000000 3FFFFB
000003 3FFFFD
000003 3FFFFD
000003 3FFFFD
000000 3FFFFD
000000 3FFFF3
000010 3FFFE8
000030 3FFFF3
00003B 000025
00000D 000056
3FFFC0 000043
3FFFAA 3FFFF5
3FFFE0 3FFFC0
00001B 3FFFD5
00001D 000003
000003 00000D
3FFFFD 000000
000003 3FFFFD
000000 000003
3FFFFD 000000
000000 3FFFFB
000005 000000
000003 000005
3FFFFD 000003
3FFFFD 3FFFFD
000003 3FFFFD
000005 000003
000000 000005
3FFFFB 000003
3FFFFD 3FFFFD
000003 3FFFFB
000005 000000
000003 000003
000000 000005
3FFFFB 000003
3FFFFD 3FFFFD
000000 3FFFFD
000003 3FFFFD
000003 000000
000003 000003
000000 000003
3FFFFD 000003
3FFFFD 000000
3FFFFD 000000
000000 000000
000000 3FFFFD
000000 3FFFFD
000000 000000
000000 000000
000000 000000
000000 000000
000000 000000
000000 000000
000000 000000
000000 000000
000000 000000
000000 000000
000000 000000
000000 000000
000000 000000
000000 000000
000000 000000
000000 000000
000000 000000
000000 000000
000000 000000
000000 000000
000000 000000
000000 000000
000000 000000
000000 000000
000000 000000
000000 000000
000000 000000
000000 000000
000000 000000
000000 000000
000000 000000
000000 000000
000000 000000
000000 000000
000000 000000
000000 000000
000000 000000
000000 000000
000000 000000
000000 000000
000000 000000
000000 000000
000000 000000
000000 000000
000000 000000
000000 000000
000000 000000
000000 000000
000000 000000
000000 000000
000000 000000
000000 000000
000000 000000
000000 000000
000000 000000
000000 000000
000000 000000
000000 000000
000000 000000
000000 000000
000000 000000
000000 000000
000000 000000
000000 000000
000000 000000
3FFFFF 000000
3FFFFF 3FFFFF
000001 3FFFFF
000000 3FFFFF
000001 000000
000001 000000
000000 000000
000000 000001
000000 000001
000000 000001
000000 000000
000000 000001
000000 000000
000000 000000
000000 3FFFFF
000000 000001
3FFFFF 000000
000000 000000
000000 000001
3FFFFF 000000
000000 000000
000000 000000
000000 000000
000000 000000
000000 000000
000000 000000
000000 000000
000000 000000
000000 000000
000000 000000
000000 000000
000000 000000
000000 000000
000000 000000
000000 000000
000000 000000
000000 000000
000000 000000
000000 000000
000000 000000
000000 000000
000000 000000
000000 000000
000000 000000
000000 000000
000000 000000
000000 000000
000000 000000
000000 000000
000000 000000
000000 000000
000000 000000
000000 000000
000003 000000
000000 000003
3FFFFD 000000
000000 000000
000000 3FFFFD
000003 000000
000000 000003
3FFFFD 000003
3FFFFD 3FFFFD
000000 3FFFFD
000003 3FFFFD
000003 000003
000000 000005
3FFFFD 000003
3FFFFB 000000
3FFFFD 3FFFFB
000003 3FFFFB
000005 3FFFFD
000005 000003
000003 000005
000000 000005
3FFFFD 000003
3FFFFB 000000
3FFFFB 000000
3FFFFD 3FFFFD
3FFFFD 3FFFFD
000000 3FFFFB
000000 3FFFFB
000003 3FFFFD
000003 3FFFFD
000003 3FFFFD
000000 3FFFFD
000000 3FFFF3
000010 3FFFE8
000033 3FFFF5
00003B 00002B
000008 00005B
3FFFB8 000043
3FFFA8 3FFFF0
3FFFE3 3FFFBD
00001D 3FFFD5
00001D 000003
000003 00000D
3FFFFD 000000
000003 3FFFFD
000000 000003
3FFFFD 000000
000000 3FFFFB
000005 000000
000003 000005
3FFFFD 000003
3FFFFD 3FFFFD
000003 3FFFFD
000005 000003
000000 000005
3FFFFB 000003
3FFFFD 3FFFFD
000003 3FFFFB
000005 000000
000003 000003
3FFFFD 000005
3FFFFB 000003
3FFFFD 3FFFFD
000000 3FFFFB
000003 3FFFFD
000003 000000
000003 000003
000000 000003
3FFFFD 000003
3FFFFD 000000
3FFFFD 000000
000000 000000
000000 3FFFFD
000000 3FFFFD
000000 000000
000000 000000
000000 000000
000000 000000
000000 000000
000000 000000
000000 000000
000000 000000
000000 000000
000000 000000
000000 000000
000000 000000
000000 000000
000000 000000
000000 000000
000000 000000
000000 000000
000000 000000
000000 000000
000000 000000
000000 000000
000000 000000
000000 000000
000000 000000
000000 000000
000000 000000
000000 000000
000000 000000
000000 000000
000000 000000
000000 000000
000000 000000
000000 000000
000000 000000
000000 000000
000000 000000
000000 000000
000000 000000
000000 000000
000000 000000
000000 000000
000000 000000
000000 000000
000000 000000
000000 000000
000000 000000
000000 000000
000000 000000
000000 000000
000000 000000
000000 000000
000000 000000
000000 000000
000000 000000
000000 000000
000000 000000
000000 000000
000000 000000
000000 000000
000000 000000
000000 000000
000000 000000
000000 000000
000000 000000
000000 000000
3FFFFF 3FFFFF
000000 3FFFFF
000000 3FFFFF
000001 3FFFFF
000001 000000
000001 000000
000000 000000
000000 000001
000000 000001
000001 000000
3FFFFF 000000
000000 000000
3FFFFF 000001
3FFFFF 000000
000000 000000
000000 000000
000000 000000
000001 000000
000001 000000
000000 000000
000000 000000
000000 000000
000000 000000
000000 000000
000000 000000
000000 000000
000000 000000
000000 000000
000000 000000
000000 000000
000000 000000
000000 000000
000000 000000
000000 000000
000000 000000
000000 000000
000000 000000
000000 000000
000000 000000
000000 000000
000000 000000
000000 000000
000000 000000
000000 000000
000000 000000
000000 000000
000000 000000
000000 000000
000000 000000
000000 000000
000000 000000
000000 000000
000000 000000
000000 000000
000000 000000
000000 000000
000000 000000
000000 3FFFFD
000003 000000
000000 000003
3FFFFD 000000
3FFFFD 3FFFFD
000000 3FFFFD
000003 000000
000003 000003
000000 000003
3FFFFD 000003
3FFFFD 000000
3FFFFD 3FFFFD
000003 3FFFFD
000005 3FFFFD
000005 000003
000003 000003
000000 000005
3FFFFD 000003
3FFFFD 000000
3FFFFD 000000
3FFFFD 3FFFFD
3FFFFD 3FFFFD
000000 3FFFFD
000000 3FFFFD
000003 3FFFFD
000003 3FFFFD
000003 3FFFFD
000000 3FFFFD
000000 3FFFF5
000010 3FFFEB
00002B 3FFFF8
000033 000028
000003 00004E
3FFFC0 000035
3FFFB2 3FFFED
3FFFEB 3FFFC5
00001B 3FFFDD
00001B 000005
000003 00000B
3FFFFD 000000
000003 000000
000000 000003
3FFFFD 000000
000000 3FFFFD
000003 000000
000000 000003
3FFFFD 000003
3FFFFD 3FFFFD
000003 3FFFFD
000003 000003
000000 000005
3FFFFB 000000
3FFFFD 3FFFFD
000003 3FFFFD
000005 000000
000003 000003
3FFFFD 000003
3FFFFD 000000
3FFFFD 3FFFFD
000000 3FFFFD
000003 3FFFFD
000003 000000
000003 000003
000000 000003
3FFFFD 000003
3FFFFD 000000
3FFFFD 000000
000000 000000
000000 000000
000000 3FFFFD
000000 000000
000000 000000
000000 000000
000000 000000
000000 000000
000000 000000
000000 000000
000000 000000
000000 000000
000000 000000
000000 000000
000000 000000
000000 000000
000000 000000
000000 000000
000000 000000
000000 000000
000000 000000
000000 000000
000000 000000
000000 000000
000000 000000
000000 000000
000000 000000
000000 000000
000000 000000
000000 000000
000000 000000
000000 000000
000000 000000
000000 000000
000000 000000
000000 000000
000000 000000
000000 000000
000000 000000
000000 000000
000000 000000
000000 000000
000000 000000
000000 000000
000000 000000
000000 000000
000000 000000
000000 000000
000000 000000
000000 000000
000000 000000
000000 000000
000000 000000
000000 000000
000000 000000
000000 000000
000000 000000
000000 000000
000000 000000
000000 000000
000000 000000
000000 000000
000000 000000
000000 000000
000000 000000
000000 000000
000000 000000
000000 000000
3FFFFF 3FFFFF
3FFFFF 3FFFFD
000001 3FFFFE
000002 3FFFFF
000003 000000
000002 000001
000001 000001
000000 000002
000000 000001
3FFFFF 000002
3FFFFF 000001
3FFFFF 000000
3FFFFF 000001
3FFFFF 000000
3FFFFF 000000
3FFFFF 3FFFFF
000000 000001
000000 000000
3FFFFF 000000
000000 000000
000000 000000
000000 000000
000000 000000
000000 000000
000000 000000
000000 000000
000000 000000
000000 000000
000000 000000
000000 000000
000000 000000
000000 000000
000000 000000
000000 000000
000000 000000
000000 000000
000000 000000
000000 000000
000000 000000
000000 000000
000000 000000
000000 000000
000000 000000
000000 000000
000000 000000
000000 000000
000000 000000
000000 000000
000000 000000
000000 000000
000000 000000
000000 000000
000000 000000
000000 000000
000000 000000
000000 000000
000000 000000
000000 000000
000000 000000
000000 000000
000000 000000
000000 000000
000000 000000
000000 000000
000000 000000
000000 000000
000000 000000
000000 000000
000000 000000
000000 000000
000000 000000
000000 000000
000000 000000
000000 000000
000000 000000
000000 000000
000000 000000
000000 000000
000000 000000
000000 000000
000000 000000
000000 000000
000000 000000
000000 000000
000000 000000
000000 000000
3FFFFD 000003
3FFFFB 000000
3FFFFB 3FFFFD
000000 3FFFF8
000005 3FFFFB
000008 000003
000003 000005
3FFFFD 000003
3FFFFD 000000
000000 000000
000000 000000
000000 000000
000000 000000
000000 000000
000000 000000
000000 000000
000000 000000
000000 000000
000000 000000
000000 000000
000000 000000
000000 000000
000000 000000
000000 000000
000000 000000
000000 000000
000000 000000
000000 000000
000000 000000
000000 000000
000000 000000
000000 000000
000000 000000
000000 000000
000000 000000
000000 000000
000000 000000
000000 000000
000000 000000
000000 000000
000000 000000
000000 000000
000000 000000
000000 000000
000000 000000
000000 000000
000000 000000
000000 000000
000000 000000
000000 000000
000000 000000
000000 000000
000000 000000
000000 000000
000000 000000
000000 000000
000000 000000
000000 000000
000000 000000
000000 000000
000000 000000
000000 000000
000000 000000
000000 000000
000000 000000
000000 000000
000000 000000
000000 000000
000000 000000
000000 000000
000000 000000
000000 000000
000000 000000
000000 000000
000000 000000
000000 000000
000000 000000
000000 000000
000000 000000
000000 000000
000000 000000
000000 000000
000000 000000
000000 000000
000000 000000
000000 000000
000000 000000
000000 000000
000000 000000
000000 000000
000000 000000
000000 000000
000000 000000
000000 000000
000000 000000
000000 000000
000000 000000
000000 000000
000000 000000
000000 000000
000000 000000
000000 000000
000000 000000
000000 000000
000000 000000
000000 000000
3FFFFC 3FFFFC
3FFFFF 3FFFFB
000003 3FFFFA
000006 3FFFFD
000007 000001
000006 000002
000004 000004
000002 000006
3FFFFF 000004
3FFFFE 000005
3FFFFE 000003
3FFFFE 000001
3FFFFD 000001
3FFFFD 000000
3FFFFE 000000
3FFFFF 000000
3FFFFF 000000
3FFFFF 3FFFFF
000000 000000
000001 000000
000000 000000
000000 000000
000000 000000
000000 000000
000000 000000
000000 000000
000000 000000
000000 000000
000000 000000
000000 000000
000000 000000
000000 000000
000000 000000
000000 000000
000000 000000
000000 000000
000000 000000
000000 000000
000000 000000
000000 000000
000000 000000
000000 000000
000000 000000
000003 000000
000003 000003
000000 000000
000000 3FFFFD
000005 000003
000000 000005
3FFFFB 000000
000003 3FFFFB
000005 000003
3FFFFD 00000B
3FFFF3 000000
3FFFFD 3FFFF3
00000B 3FFFFB
000008 00000B
3FFFF5 00000B
3FFFF0 3FFFF8
000003 3FFFEB
000018 3FFFF8
000013 000013
3FFFF8 00001D
3FFFE3 000008
3FFFE8 3FFFEB
000005 3FFFDD
000020 3FFFF0
000023 00000D
00000B 000025
3FFFED 000023
3FFFD8 00000B
3FFFDD 3FFFED
3FFFF3 3FFFDB
00000D 3FFFDB
00001D 3FFFEB
000023 3FFFFD
000020 00000B
000018 000018
00000D 000023
000000 000025
3FFFF3 000020
3FFFED 00001B
3FFFEB 000015
3FFFED 000010
000000 000020
3FFFF5 00006B
3FFF60 0000B1
3FFE69 00001B
3FFE57 3FFE6C
00002B 3FFD2E
00027D 3FFE44
0002AA 0000EB
000098 000234
3FFEE7 000129
3FFF1A 3FFFC0
3FFFF5 3FFF95
000020 000000
3FFFE8 000008
3FFFFD 3FFFE3
000020 000000
000000 000023
3FFFDB 000003
3FFFF8 3FFFDD
000020 3FFFF3
000010 00001D
3FFFE5 000018
3FFFE3 3FFFEB
00000B 3FFFDB
000028 3FFFFB
000015 000023
3FFFEB 000023
3FFFD8 000000
3FFFED 3FFFE0
000010 3FFFDD
000023 3FFFFB
00001B 000018
000000 000020
3FFFE8 000013
3FFFE3 3FFFFD
3FFFF0 3FFFEB
000003 3FFFE8
000010 3FFFF0
000013 3FFFFD
000010 000008
000008 00000B
000003 00000D
3FFFFD 00000D
3FFFF8 000008
3FFFF5 000003
3FFFF8 000000
3FFFFB 3FFFFD
3FFFFB 000000
3FFFFB 3FFFFD
3FFFFD 3FFFFB
000000 3FFFFD
3FFFFD 000000
3FFFFD 3FFFFD
000000 3FFFFD
000000 000000
000000 000000
000000 000000
000000 000000
000000 000000
000000 000000
000000 000000
000000 000000
000000 000000
000000 000000
000000 000000
000000 000000
000000 000000
000000 000000
000000 000000
000000 000000
000000 000000
000000 000000
000000 000000
000000 000000
000000 000000
000000 000000
000000 000000
000000 000000
000000 000000
000000 000000
000000 000000
000000 000000
000000 000000
000000 000000
000000 000000
000000 000000
000000 000000
000000 000000
000000 000000
000000 000000
000000 000000
000000 000000
000000 000000
000000 000000
000000 000000
000000 000000
000000 000000
000000 000000
000000 000000
000000 000000
000000 000000
000000 000000
000000 000000
000000 000000
000000 000000
000000 000000
000000 000000
000000 000000
000152 000192
000028 000235
3FFEDA 000202
3FFDED 000120
3FFDA8 3FFFF4
3FFE01 3FFEE9
3FFEBD 3FFE41
3FFF91 3FFE0D
000047 3FFE37
0000C2 3FFE97
0000FD 3FFF08
000108 3FFF6D
0000F4 3FFFBB
0000D3 3FFFF1
0000A3 00000E
000078 00001D
000055 000021
00003A 000020
000025 00001A
000015 000014
000009 00000B
000000 000000
000000 000000
000000 000000
000000 000000
000000 000000
000000 000000
000000 000000
000000 000000
000000 000000
000000 000000
000000 000000
000000 000000
000000 000000
000000 000000
000000 000000
000000 000000
000000 000000
000000 000000
000000 000000
000000 000000
000000 000000
000000 000000
3FFFCD 3FFFFD
3FFFDD 3FFFCB
000013 3FFFE5
3FFFE8 00001B
3FFFB0 3FFFD5
00000D 3FFF90
000060 000000
3FFFDD 000058
3FFF7A 3FFFB8
00003E 3FFF32
0000FE 000003
00003E 000101
3FFF0A 00006B
3FFF6A 3FFF07
0000F9 3FFF1A
000159 0000CB
3FFFB5 0001C9
3FFE09 00008B
3FFE81 3FFE5C
0000C6 3FFDBE
000277 3FFF7A
0001D9 0001E4
3FFF78 0002B5
3FFD66 00013C
3FFD51 3FFEB2
3FFF37 3FFD03
0001B9 3FFD53
000330 3FFF55
0002CD 0001B7
0000FB 00031D
3FFEDF 0002F5
3FFD81 0001B1
3FFD28 00002D
3FFD73 3FFEF2
3FFE11 3FFDF6
3FFF07 3FFD3E
00003E 3FFD13
00012E 3FFD81
00019F 3FFE01
0001E4 3FFE64
000194 3FFEDA
000005 3FFD83
00014E 3FF784
000D95 3FF290
0020CD 3FFF70
00207A 002203
3FF9CB 0039B8
3FCB13 002105
3FCA23 3FEA5C
3FF613 3FD209
0017B3 3FE951
001224 000602
00005E 000894
3FFD86 3FFFC8
0001DF 3FFF78
000033 00027A
3FFD6E 3FFFF8
000023 3FFD3E
0002F0 3FFFE5
000088 0002E0
3FFD59 0000E9
3FFEC2 3FFD8B
000244 3FFE47
00025F 0001D9
3FFEFD 000300
3FFCC0 00003B
3FFE64 3FFD23
0001C7 3FFD46
00032D 000030
000174 0002BA
3FFE97 0002A2
3FFD26 00005E
3FFE0C 3FFE0C
00003E 3FFD5E
000207 3FFE7F
00025A 000068
00014C 0001CF
3FFFC0 000204
3FFEAA 00013C
3FFE71 000025
3FFED4 3FFF65
3FFF57 3FFF15
3FFFC8 3FFEFA
00003E 3FFEFF
0000AE 3FFF47
0000D1 3FFFCB
000093 000023
000058 000023
00005E 00001B
000058 000046
000018 000058
3FFFF5 000023
00001D 00000D
00001D 000038
3FFFED 00002D
000000 000000
000000 000000
000000 000000
000000 000000
000000 000000
000000 000000
000000 000000
000000 000000
000000 000000
000000 000000
000000 000000
000000 000000
000000 000000
000000 000000
000000 000000
000000 000000
000000 000000
000000 000000
000000 000000
000000 000000
000000 000000
000000 000000
000000 000000
000000 000000
000000 000000
000000 000000
000000 000000
000000 000000
000000 000000
000000 000000
000000 000000
000000 000000
000000 000000
000000 000000
000000 000000
000000 000000
000000 000000
000000 000000
000000 000000
000000 000000
000000 000000
000000 000000
000000 000000
000000 000000
000000 000000
000000 000000
000000 000000
000000 000000
000000 000000
000000 000000
000000 000000
000000 000000
000000 000000
000000 000000
